,Sample name,Sample date,Sample ID,Plot,ID,Nitrogen,Water,Block,Direction,Barcode,Notes,Barcode_key,Run,% Moisture Content (MC),Moisture as decimal,lb/bu,Weight (g) 0% MC,Weight (g) 15.5% MC,Weight (kg) 0% MC,Weight (kg) 15.5% MC,Harvest area (ac),Harvest area (ha),"Grain Yield, 0% MC bu/ac","Grain Yield, 15.5% MC bu/ac","Grain Yield, 0% MC kg/ha","Grain Yield, 15.5% MC kg/ha","Annual ET, mm",Water trt target,N trt target,lbs NH4-N / ac,lbs NO3-N / ac,Total N / ac,qPCR_DW,qPCR_FW,qPCR_DW_log,qPCR_FW_log,GWC,Stems,Leaves,Shoots,Grain 0% MC
0,193,2021-06-15,2N,2N,111.0,Low,High,1,N,53.0,NxW_B library,barcode53B,B,13.6,0.136,57.7,3297.1,3808.2,3.2971,3.8082,0.001147842,0.000464515,109.75,126.76,7098.0,8198.1,,100.0,20.0,4.284182426,3.2601668349999997,6.568395772,654341922.4008539,783492510.5206034,20.299140589926903,20.479272060710965,0.164839595,,,3.558,
1,205,2021-06-15,2S,2S,111.0,Low,High,1,S,65.0,NxW_B library,barcode65B,B,13.6,0.136,57.7,3297.1,3808.2,3.2971,3.8082,0.001147842,0.000464515,109.75,126.76,7098.0,8198.1,,100.0,20.0,1.6796535750000001,2.569605352,3.2733054390000005,430285654.8155675,515213188.0768072,19.8799598596179,20.060091330401963,0.164839595,,,3.558,
2,212,2021-06-15,23S,23S,211.0,Low,High,2,S,72.0,NxW_B library,barcode72B,B,15.7,0.157,56.8,4344.1,5017.5,4.3441,5.0175,0.001147842,0.000464515,146.9,169.66,9352.0,10801.6,,100.0,20.0,5.473837577,4.001597249,8.499481338,712102283.0290754,852244786.8165334,20.383732114998438,20.563384351998526,0.164439262,,,2.648,
3,221,2021-06-15,23N,23N,211.0,Low,High,2,N,81.0,NxW_B library,barcode81B,B,15.7,0.157,56.8,4344.1,5017.5,4.3441,5.0175,0.001147842,0.000464515,146.9,169.66,9352.0,10801.6,,100.0,20.0,6.7125893130000005,3.8957960399999996,9.632431865,901933680.8270508,1079435210.163083,20.62005155074185,20.799703787741937,0.164439262,,,2.648,
4,195,2021-06-15,32N,32N,311.0,Low,High,3,N,55.0,NxW_B library,barcode55B,B,13.6,0.136,58.1,3545.0,4094.5,3.545,4.0945,0.001147842,0.000464515,117.19,135.35,7631.6,8814.5,,100.0,20.0,1.52708171,2.8007204010000004,3.3518486230000004,626439041.5914457,770097874.4724574,20.255562027632607,20.46202817443874,0.186546201,,,2.109,
5,220,2021-06-15,32S,32S,311.0,Low,High,3,S,80.0,NxW_B library,barcode80B,B,13.6,0.136,58.1,3545.0,4094.5,3.545,4.0945,0.001147842,0.000464515,117.19,135.35,7631.6,8814.5,,100.0,20.0,2.026586861,6.5806557869999995,7.631289159,879386627.0300156,1081052947.4581943,20.594735207670197,20.801201354476333,0.186546201,,,2.109,
6,199,2021-06-15,3N,3N,115.0,Optimal,High,1,N,59.0,NxW_B library,barcode59B,B,13.5,0.135,59.0,5874.9,6785.5,5.8749,6.7855,0.001147842,0.000464515,191.25,220.89,12647.4,14607.7,,100.0,200.0,2.22797038,5.708159606,6.960176498,834368439.6483936,1007542761.5781302,20.54218563692829,20.73078029413815,0.171877888,,,3.446,
7,203,2021-06-15,3N,3N,115.0,Optimal,High,1,N,63.0,NxW_B library,barcode63B,B,13.5,0.135,59.0,5874.9,6785.5,5.8749,6.7855,0.001147842,0.000464515,191.25,220.89,12647.4,14607.7,,100.0,200.0,2.22797038,5.708159606,6.960176498,834368439.6483936,1007542761.5781302,20.54218563692829,20.73078029413815,0.171877888,,,3.446,
8,208,2021-06-15,20N,20N,215.0,Optimal,High,2,N,68.0,NxW_B library,barcode68B,B,15.0,0.15,57.7,4795.1,5538.3,4.7951,5.5383,0.001147842,0.000464515,159.62,184.36,10322.8,11922.9,,100.0,200.0,18.518209602,1.962477415,19.504733520000002,359795015.2268577,439570346.88126,19.701045025095848,19.90130832344436,0.181484789,,,2.007,
9,217,2021-06-15,20S,20S,215.0,Optimal,High,2,S,77.0,NxW_B library,barcode77B,B,15.0,0.15,57.7,4795.1,5538.3,4.7951,5.5383,0.001147842,0.000464515,159.62,184.36,10322.8,11922.9,,100.0,200.0,16.028983152000002,2.626674065,17.67970373,597472373.1150547,729946572.8744469,20.208218603236613,20.408481901585127,0.181484789,,,2.007,
10,191,2021-06-15,36N,36N,315.0,Optimal,High,3,N,51.0,NxW_B library,barcode51B,B,13.0,0.13,58.6,5296.7,6117.7,5.2967,6.1177,0.001147842,0.000464515,173.6,200.51,11402.7,13170.1,,100.0,200.0,1.034234276,2.861899147,2.920179935,278089108.3896509,330122413.23499894,19.44345215407066,19.614974092837123,0.157618213,,,3.391,
11,197,2021-06-15,36S,36S,315.0,Optimal,High,3,S,57.0,NxW_B library,barcode57B,B,13.0,0.13,58.6,5296.7,6117.7,5.2967,6.1177,0.001147842,0.000464515,173.6,200.51,11402.7,13170.1,,100.0,200.0,1.732848073,1.311194966,2.068089551,191006011.4280325,226745181.787783,19.067815458960823,19.239337397727287,0.157618213,,,3.391,
12,201,2021-06-15,6S,6S,116.0,High,High,1,S,61.0,NxW_B library,barcode61B,B,15.0,0.15,58.8,5345.4,6173.9,5.3454,6.1739,0.001147842,0.000464515,174.6,201.67,11507.5,13291.1,,100.0,245.0,5.38293469,3.5556617069999996,7.96264291,807711172.6830678,979920742.8974574,20.509715093030817,20.702982251763935,0.175738264,,,2.477,
13,202,2021-06-15,6N,6N,116.0,High,High,1,N,62.0,NxW_B library,barcode62B,B,15.0,0.15,58.8,5345.4,6173.9,5.3454,6.1739,0.001147842,0.000464515,174.6,201.67,11507.5,13291.1,,100.0,245.0,3.52622209,3.228676576,5.778945178,422901233.70922995,513066681.6604841,19.862649219698405,20.055916378431522,0.175738264,,,2.477,
14,204,2021-06-15,22S,22S,216.0,High,High,2,S,64.0,NxW_B library,barcode64B,B,15.1,0.151,58.8,5485.9,6336.2,5.4859,6.3362,0.001147842,0.000464515,179.19,206.97,11809.9,13640.5,,100.0,245.0,13.751086882000001,2.306727859,15.08186126,320056211.38248354,393129081.8255895,19.584007198901794,19.789648568387243,0.185875006,,,2.319,
15,206,2021-06-15,22N,22N,216.0,High,High,2,N,66.0,NxW_B library,barcode66B,B,15.1,0.151,58.8,5485.9,6336.2,5.4859,6.3362,0.001147842,0.000464515,179.19,206.97,11809.9,13640.5,,100.0,245.0,12.111542122,8.639555691,19.775144330000003,412039666.71363586,506113520.3443169,19.836630181110486,20.04227155059593,0.185875006,,,2.319,
16,190,2021-06-15,35S,35S,316.0,High,High,3,S,50.0,NxW_B library,barcode50B,B,16.0,0.16,57.2,5585.4,6451.2,5.5854,6.4512,0.001147842,0.000464515,187.55,216.62,12024.2,13887.9,,100.0,245.0,2.661887277,5.067224409,6.753158196999999,405177785.0291012,496391670.56777894,19.819836504129807,20.022875831475822,0.18375386,,,1.662,
17,209,2021-06-15,35N,35N,316.0,High,High,3,N,69.0,NxW_B library,barcode69B,B,16.0,0.16,57.2,5585.4,6451.2,5.5854,6.4512,0.001147842,0.000464515,187.55,216.62,12024.2,13887.9,,100.0,245.0,6.584030069,2.068249256,7.6763258379999995,559755822.9640273,685768416.5759451,20.143011216183183,20.3460505435292,0.18375386,,,1.662,
18,213,2021-06-15,8S,8S,121.0,Low,Low,1,S,73.0,NxW_B library,barcode73B,B,13.3,0.133,58.9,2857.6,3300.6,2.8576,3.3006,0.001147842,0.000464515,93.18,107.63,6151.9,7105.4,,70.0,20.0,4.583183699,4.509060654,8.116290866,1089702907.6527677,1356660874.0702376,20.8091709342493,21.02829227799659,0.196775754,,,4.177,
19,200,2021-06-15,14N,14N,221.0,Low,Low,2,N,60.0,NxW_B library,barcode60B,B,12.0,0.12,57.9,2510.6,2899.8,2.5106,2.8998,0.001147842,0.000464515,83.28,96.19,5404.9,6242.6,,70.0,20.0,2.402520148,2.3114538849999997,3.7380205450000004,524514077.24615365,633527673.8491321,20.077982824803954,20.266814240826804,0.17207393,,,3.223,
20,218,2021-06-15,14S,14S,221.0,Low,Low,2,S,78.0,NxW_B library,barcode78B,B,12.0,0.12,57.9,2510.6,2899.8,2.5106,2.8998,0.001147842,0.000464515,83.28,96.19,5404.9,6242.6,,70.0,20.0,1.741455632,6.042641204,6.808143348,363852156.06839144,439474210.62413394,19.712258178446536,19.901089594469386,0.17207393,,,3.223,
21,192,2021-06-15,30N,30N,321.0,Low,Low,3,N,52.0,NxW_B library,barcode52B,B,13.5,0.135,55.1,1448.5,1673.1,1.4485,1.6731,0.001147842,0.000464515,50.49,58.32,3118.4,3601.7,,70.0,20.0,1.198559533,2.395179467,2.617785512,428581459.43527585,511356184.8913249,19.875991381634282,20.05257694036428,0.161872933,,,2.451,
22,194,2021-06-15,30S,30S,321.0,Low,Low,3,S,54.0,NxW_B library,barcode54B,B,13.5,0.135,55.1,1448.5,1673.1,1.4485,1.6731,0.001147842,0.000464515,50.49,58.32,3118.4,3601.7,,70.0,20.0,3.86116022,2.7959181629999996,5.681124895,600046726.5286847,715937654.5092353,20.21251808769593,20.389103646425927,0.161872933,,,2.451,
23,210,2021-06-15,10S,10S,125.0,Optimal,Low,1,S,70.0,NxW_B library,barcode70B,B,11.5,0.115,59.6,2729.3,3152.3,2.7293,3.1523,0.001147842,0.000464515,87.95,101.59,5875.5,6786.2,,70.0,200.0,2.358184036,7.684804381999999,9.067034929,1023714685.2745738,1245216919.1426942,20.746703697078278,20.942575583929536,0.177882448,,,3.37,
24,211,2021-06-15,10N,10N,125.0,Optimal,Low,1,N,71.0,NxW_B library,barcode71B,B,11.5,0.115,59.6,2729.3,3152.3,2.7293,3.1523,0.001147842,0.000464515,87.95,101.59,5875.5,6786.2,,70.0,200.0,2.180611956,4.8177581499999995,6.0224166189999995,1973165773.9109325,2400101748.357919,21.40290508169954,21.598776968550794,0.177882448,,,3.37,
25,215,2021-06-15,15N,15N,225.0,Optimal,Low,2,N,75.0,NxW_B library,barcode75B,B,11.6,0.116,58.1,2429.9,2806.6,2.4299,2.8066,0.001147842,0.000464515,80.33,92.78,5231.1,6042.0,,70.0,200.0,10.557436565,2.378279,11.959762079999999,399782153.45410424,481510082.85222244,19.806430340350158,19.992437729486262,0.16973254,,,2.873,
26,222,2021-06-15,15S,15S,225.0,Optimal,Low,2,S,82.0,NxW_B library,barcode82B,B,11.6,0.116,58.1,2429.9,2806.6,2.4299,2.8066,0.001147842,0.000464515,80.33,92.78,5231.1,6042.0,,70.0,200.0,7.634012528,7.313009543,13.971068579999999,1828920944.0711937,2202809374.308363,21.326991981840436,21.51299937097654,0.16973254,,,2.873,
27,188,2021-06-15,28N,28N,325.0,Optimal,Low,3,N,48.0,NxW_B library,barcode48B,B,11.9,0.119,58.1,3428.1,3959.4,3.4281,3.9594,0.001147842,0.000464515,113.32,130.89,7379.9,8523.7,,70.0,200.0,17.776099432000002,3.1855735530000002,19.985719500000002,1146554977.9477215,1429608541.199977,20.860027611967066,21.08066649632996,0.197993755,,,2.885,
28,189,2021-06-15,28S,28S,325.0,Optimal,Low,3,S,49.0,NxW_B library,barcode49B,B,11.9,0.119,58.1,3428.1,3959.4,3.4281,3.9594,0.001147842,0.000464515,113.32,130.89,7379.9,8523.7,,70.0,200.0,13.208742332,1.85718864,14.08997748,1217649041.4821243,1518253815.4451954,20.920187821430538,21.140826705793433,0.197993755,,,2.885,
29,187,2021-06-15,9S,9S,126.0,High,Low,1,S,47.0,NxW_B library,barcode47B,B,11.7,0.117,58.4,3344.0,3862.3,3.344,3.8623,0.001147842,0.000464515,109.98,127.02,7198.9,8314.8,,70.0,245.0,2.963988519,4.630991808,6.619026839,1304053368.208385,1583981008.5344646,20.988743226153577,21.183207140705196,0.176724114,,,2.323,
30,216,2021-06-15,9N,9N,126.0,High,Low,1,N,76.0,NxW_B library,barcode76B,B,11.7,0.117,58.4,3344.0,3862.3,3.344,3.8623,0.001147842,0.000464515,109.98,127.02,7198.9,8314.8,,70.0,245.0,0.0,0.975953488,0.0,884750211.2410724,1074670382.4154913,20.60081591594774,20.79527983049936,0.176724114,,,2.323,
31,196,2021-06-15,13N,13N,226.0,High,Low,2,N,56.0,NxW_B library,barcode56B,B,12.4,0.124,59.2,3300.4,3812.0,3.3004,3.812,0.001147842,0.000464515,107.08,123.67,7105.1,8206.4,,70.0,245.0,5.062463973,1.733541447,5.820051932,587432045.1490799,717859358.5310146,20.191271129461196,20.391784228342342,0.181689229,,,2.878,
32,214,2021-06-15,13S,13S,226.0,High,Low,2,S,74.0,NxW_B library,barcode74B,B,12.4,0.124,59.2,3300.4,3812.0,3.3004,3.812,0.001147842,0.000464515,107.08,123.67,7105.1,8206.4,,70.0,245.0,3.8723890180000002,4.0701307,6.96656623,867040881.8900661,1059549638.8621607,20.580596686908876,20.78110978579002,0.181689229,,,2.878,
33,207,2021-06-15,26S,26S,326.0,High,Low,3,S,67.0,NxW_B library,barcode67B,B,12.7,0.127,59.7,3336.1,3853.2,3.3361,3.8532,0.001147842,0.000464515,107.33,123.96,7181.9,8295.0,,70.0,245.0,14.968242092,1.803301907,15.79559051,591387915.7676421,720310116.7811258,20.197982731909843,20.395192394993675,0.178981522,,,2.038,
34,219,2021-06-15,26N,26N,326.0,High,Low,3,N,79.0,NxW_B library,barcode79B,B,12.7,0.127,59.7,3336.1,3853.2,3.3361,3.8532,0.001147842,0.000464515,107.33,123.96,7181.9,8295.0,,70.0,245.0,13.557656632,2.115752882,14.69745602,907583950.6496842,1105436692.3148398,20.626296627427674,20.823506290511506,0.178981522,,,2.038,
35,138,2021-06-30,2S,2S,111.0,Low,High,1,S,3.0,NxW_B library,barcode03B,B,13.6,0.136,57.7,3297.1,3808.2,3.2971,3.8082,0.001147842,0.000464515,109.75,126.76,7098.0,8198.1,,100.0,20.0,2.4828124000000003,1.824643806,3.3315027180000003,467173818.33907187,589638831.2125757,19.962211948394046,20.195020756936273,0.207694959,,,102.29,
36,148,2021-06-30,2N,2N,111.0,Low,High,1,N,10.0,NxW_B library,barcode10B,B,13.6,0.136,57.7,3297.1,3808.2,3.2971,3.8082,0.001147842,0.000464515,109.75,126.76,7098.0,8198.1,,100.0,20.0,3.474583055,4.230691871,6.729321436999999,562914180.7589297,710476586.2002507,20.14863774244049,20.381446550982716,0.207694959,,,102.29,
37,155,2021-06-30,23N,23N,211.0,Low,High,2,N,17.0,NxW_B library,barcode17B,B,15.7,0.157,56.8,4344.1,5017.5,4.3441,5.0175,0.001147842,0.000464515,146.9,169.66,9352.0,10801.6,,100.0,20.0,2.499551843,1.864024716,3.387623071,449573674.37524563,531254887.970307,19.923810301393594,20.090752479045857,0.153751458,,,75.36,
38,164,2021-06-30,23S,23S,211.0,Low,High,2,S,26.0,NxW_B library,barcode26B,B,15.7,0.157,56.8,4344.1,5017.5,4.3441,5.0175,0.001147842,0.000464515,146.9,169.66,9352.0,10801.6,,100.0,20.0,1.9812185700000002,0.846860774,1.852125856,624451617.7247431,737905694.0516928,20.252384410909364,20.419326588561628,0.153751458,,,75.36,
39,174,2021-06-30,32S,32S,311.0,Low,High,3,S,35.0,NxW_B library,barcode35B,B,13.6,0.136,58.1,3545.0,4094.5,3.545,4.0945,0.001147842,0.000464515,117.19,135.35,7631.6,8814.5,,100.0,20.0,5.747123822,1.840757277,6.611927611,865205166.3478663,986779093.9709711,20.5784772233012,20.70995675671505,0.12320278,,,72.92,
40,139,2021-06-30,3S,3S,115.0,Optimal,High,1,S,4.0,NxW_B library,barcode04B,B,13.5,0.135,59.0,5874.9,6785.5,5.8749,6.7855,0.001147842,0.000464515,191.25,220.89,12647.4,14607.7,,100.0,200.0,2.0658686250000002,1.551852234,2.6417673710000003,871651141.0435754,1004013963.4892938,20.585899834214278,20.727271765977097,0.131833647,,,89.05,
41,156,2021-06-30,3N,3N,115.0,Optimal,High,1,N,18.0,NxW_B library,barcode18B,B,13.5,0.135,59.0,5874.9,6785.5,5.8749,6.7855,0.001147842,0.000464515,191.25,220.89,12647.4,14607.7,,100.0,200.0,2.582659765,1.4339825,3.0406887769999997,592111452.4509455,682025340.4256793,20.199205439404032,20.34057737116685,0.131833647,,,89.05,
42,147,2021-06-30,20S,20S,215.0,Optimal,High,2,S,9.0,NxW_B library,barcode09B,B,15.0,0.15,57.7,4795.1,5538.3,4.7951,5.5383,0.001147842,0.000464515,159.62,184.36,10322.8,11922.9,,100.0,200.0,2.887156989,2.1079479230000002,4.019151424,783109129.7622874,889162524.5365431,20.478782618141633,20.605790594020597,0.119273352,,,78.0,
43,152,2021-06-30,20N,20N,215.0,Optimal,High,2,N,14.0,NxW_B library,barcode14B,B,15.0,0.15,57.7,4795.1,5538.3,4.7951,5.5383,0.001147842,0.000464515,159.62,184.36,10322.8,11922.9,,100.0,200.0,1.650402519,2.5303353360000003,3.2047843670000002,848252059.4437686,963127505.418422,20.558688389499252,20.685696365378213,0.119273352,,,78.0,
44,142,2021-06-30,6N,6N,116.0,High,High,1,N,6.0,NxW_B library,barcode06B,B,15.0,0.15,58.8,5345.4,6173.9,5.3454,6.1739,0.001147842,0.000464515,174.6,201.67,11507.5,13291.1,,100.0,245.0,2.5618742130000003,0.684504216,2.270424941,686739601.1884397,766597976.7977399,20.347465740762313,20.457473071718283,0.104172432,,,67.0,
45,166,2021-06-30,6S,6S,116.0,High,High,1,S,28.0,NxW_B library,barcode28B,B,15.0,0.15,58.8,5345.4,6173.9,5.3454,6.1739,0.001147842,0.000464515,174.6,201.67,11507.5,13291.1,,100.0,245.0,2.784247181,3.7214759180000003,5.529769611,923155032.2578334,1030505272.7042593,20.64330774397227,20.75331507492824,0.104172432,,,67.0,
46,157,2021-06-30,22N,22N,216.0,High,High,2,N,19.0,NxW_B library,barcode19B,B,15.1,0.151,58.8,5485.9,6336.2,5.4859,6.3362,0.001147842,0.000464515,179.19,206.97,11809.9,13640.5,,100.0,245.0,3.245365464,2.5699818580000002,4.839393834,707764559.7810311,796329532.9275883,20.377622053671256,20.495523644229994,0.111216487,,,85.12,
47,165,2021-06-30,22S,22S,216.0,High,High,2,S,27.0,NxW_B library,barcode27B,B,15.1,0.151,58.8,5485.9,6336.2,5.4859,6.3362,0.001147842,0.000464515,179.19,206.97,11809.9,13640.5,,100.0,245.0,2.926677304,1.5876705690000001,3.538394385,454476762.4865376,511346976.8948533,19.934657342632363,20.0525589331911,0.111216487,,,85.12,
48,159,2021-06-30,35S,35S,316.0,High,High,3,S,21.0,NxW_B library,barcode21B,B,16.0,0.16,57.2,5585.4,6451.2,5.5854,6.4512,0.001147842,0.000464515,187.55,216.62,12024.2,13887.9,,100.0,245.0,11.838955662,1.156665915,12.01966808,784946910.398866,881991859.0160887,20.48112664339453,20.597693383787977,0.110029302,,,54.01,
49,176,2021-06-30,35N,35N,316.0,High,High,3,N,37.0,NxW_B library,barcode37B,B,16.0,0.16,57.2,5585.4,6451.2,5.5854,6.4512,0.001147842,0.000464515,187.55,216.62,12024.2,13887.9,,100.0,245.0,18.792479741999998,1.740548667,19.55707492,1151288352.561426,1293625009.394889,20.864147458821613,20.98071419921506,0.110029302,,,54.01,
50,161,2021-06-30,8S,8S,121.0,Low,Low,1,S,23.0,NxW_B library,barcode23B,B,13.3,0.133,58.9,2857.6,3300.6,2.8576,3.3006,0.001147842,0.000464515,93.18,107.63,6151.9,7105.4,,70.0,20.0,1.637196517,1.148173784,1.809416813,278598351.6684457,314249392.4806997,19.445281702811666,19.565697472197122,0.113448241,,,61.0,
51,162,2021-06-30,8N,8N,121.0,Low,Low,1,N,24.0,NxW_B library,barcode24B,B,13.3,0.133,58.9,2857.6,3300.6,2.8576,3.3006,0.001147842,0.000464515,93.18,107.63,6151.9,7105.4,,70.0,20.0,1.592563152,0.751733337,1.368343001,344634302.1992336,388735681.4767017,19.657994419179666,19.778410188565122,0.113448241,,,61.0,
52,160,2021-06-30,14N,14N,221.0,Low,Low,2,N,22.0,NxW_B library,barcode22B,B,12.0,0.12,57.9,2510.6,2899.8,2.5106,2.8998,0.001147842,0.000464515,83.28,96.19,5404.9,6242.6,,70.0,20.0,2.9266269950000003,3.421126138,5.371799644,344184502.1863099,401514696.63833046,19.656688415121724,19.810754695010758,0.142784797,,,85.3,
53,168,2021-06-30,14S,14S,221.0,Low,Low,2,S,31.0,NxW_B library,barcode31B,B,12.0,0.12,57.9,2510.6,2899.8,2.5106,2.8998,0.001147842,0.000464515,83.28,96.19,5404.9,6242.6,,70.0,20.0,2.121946059,6.448391518999999,7.594384089,135450074.69219816,158011750.3961233,18.724113677932642,18.878179957821676,0.142784797,,,85.3,
54,151,2021-06-30,30S,30S,321.0,Low,Low,3,S,13.0,NxW_B library,barcode13B,B,13.5,0.135,55.1,1448.5,1673.1,1.4485,1.6731,0.001147842,0.000464515,50.49,58.32,3118.4,3601.7,,70.0,20.0,7.301761858,0.885233684,7.211042055,810903589.3967514,947171525.78158,20.51365972634074,20.668990760178456,0.143868278,,,81.48,
55,158,2021-06-30,30N,30N,321.0,Low,Low,3,N,20.0,NxW_B library,barcode20B,B,13.5,0.135,55.1,1448.5,1673.1,1.4485,1.6731,0.001147842,0.000464515,50.49,58.32,3118.4,3601.7,,70.0,20.0,6.883026888,1.25695479,7.164028191,773167094.421279,903093618.1351764,20.46600574673801,20.621336780575724,0.143868278,,,81.48,
56,167,2021-06-30,10S,10S,125.0,Optimal,Low,1,S,29.0,NxW_B library,barcode29B,B,11.5,0.115,59.6,2729.3,3152.3,2.7293,3.1523,0.001147842,0.000464515,87.95,101.59,5875.5,6786.2,,70.0,200.0,2.1944879100000003,2.85149175,4.070026172,967156389.1543219,1103210623.705564,20.689870766457464,20.821490514296894,0.123325711,,,82.94,
57,169,2021-06-30,10N,10N,125.0,Optimal,Low,1,N,32.0,NxW_B library,barcode32B,B,11.5,0.115,59.6,2729.3,3152.3,2.7293,3.1523,0.001147842,0.000464515,87.95,101.59,5875.5,6786.2,,70.0,200.0,1.861202261,0.798168972,1.683417745,173107234.8889042,197459007.36562404,18.969421815280544,19.10104156311997,0.123325711,,,82.94,
58,146,2021-06-30,15N,15N,225.0,Optimal,Low,2,N,8.0,NxW_B library,barcode08B,B,11.6,0.116,58.1,2429.9,2806.6,2.4299,2.8066,0.001147842,0.000464515,80.33,92.78,5231.1,6042.0,,70.0,200.0,1.89148431,0.899718237,1.815249058,1297913193.7944307,1574514289.5635626,20.98402357610014,21.17721267408409,0.175673919,,,61.1,
59,153,2021-06-30,15S,15S,225.0,Optimal,Low,2,S,15.0,NxW_B library,barcode15B,B,11.6,0.116,58.1,2429.9,2806.6,2.4299,2.8066,0.001147842,0.000464515,80.33,92.78,5231.1,6042.0,,70.0,200.0,1.872304046,5.2555114409999995,6.151861998999999,978571366.2601756,1187116832.544057,20.701604276489498,20.894793374473444,0.175673919,,,61.1,
60,154,2021-06-30,28N,28N,325.0,Optimal,Low,3,N,16.0,NxW_B library,barcode16B,B,11.9,0.119,58.1,3428.1,3959.4,3.4281,3.9594,0.001147842,0.000464515,113.32,130.89,7379.9,8523.7,,70.0,200.0,12.780754962,1.3553437480000001,13.16014523,1207604457.2339077,1356408797.4021525,20.911904446775495,21.028106454041197,0.109704641,,,74.95,
61,172,2021-06-30,28S,28S,325.0,Optimal,Low,3,S,34.0,NxW_B library,barcode34B,B,11.9,0.119,58.1,3428.1,3959.4,3.4281,3.9594,0.001147842,0.000464515,113.32,130.89,7379.9,8523.7,,70.0,200.0,8.762396202,1.863006783,9.649449496999999,549639980.6235965,617368129.6518997,20.12477404117495,20.240976048440647,0.109704641,,,74.95,
62,149,2021-06-30,9N,9N,126.0,High,Low,1,N,11.0,NxW_B library,barcode11B,B,11.7,0.117,58.4,3344.0,3862.3,3.344,3.8623,0.001147842,0.000464515,109.98,127.02,7198.9,8314.8,,70.0,245.0,1.655196378,1.245292853,1.924535744,1822574620.7282953,2173202461.2511573,21.323515965167086,21.49946770518801,0.161341544,,,52.46,
63,171,2021-06-30,9S,9S,126.0,High,Low,1,S,33.0,NxW_B library,barcode33B,B,11.7,0.117,58.4,3344.0,3862.3,3.344,3.8623,0.001147842,0.000464515,109.98,127.02,7198.9,8314.8,,70.0,245.0,2.038410002,2.270844775,3.3333012890000004,1011538041.4199177,1206138248.7508333,20.734737822782243,20.910689562803167,0.161341544,,,52.46,
64,141,2021-06-30,13N,13N,226.0,High,Low,2,N,5.0,NxW_B library,barcode05B,B,12.4,0.124,59.2,3300.4,3812.0,3.3004,3.812,0.001147842,0.000464515,107.08,123.67,7105.1,8206.4,,70.0,245.0,9.702227075,5.923005668,14.64927925,679371552.6590755,790007902.8972553,20.336678741544006,20.487553507042715,0.140044612,,,74.53,
65,150,2021-06-30,13S,13S,226.0,High,Low,2,S,12.0,NxW_B library,barcode12B,B,12.4,0.124,59.2,3300.4,3812.0,3.3004,3.812,0.001147842,0.000464515,107.08,123.67,7105.1,8206.4,,70.0,245.0,2.79116624,3.390154375,5.205367126,904894291.3930445,1052257249.6435647,20.623328689751396,20.77420345525011,0.140044612,,,74.53,
66,163,2021-06-30,26N,26N,326.0,High,Low,3,N,25.0,NxW_B library,barcode25B,B,12.7,0.127,59.7,3336.1,3853.2,3.3361,3.8532,0.001147842,0.000464515,107.33,123.96,7181.9,8295.0,,70.0,245.0,1.928335351,0.9887207570000001,1.9411026200000001,587292479.6425458,646078176.7492594,20.191033515443195,20.286431071064673,0.09098852,,,81.16,
67,175,2021-06-30,26S,26S,326.0,High,Low,3,S,36.0,NxW_B library,barcode36B,B,12.7,0.127,59.7,3336.1,3853.2,3.3361,3.8532,0.001147842,0.000464515,107.33,123.96,7181.9,8295.0,,70.0,245.0,9.57060722,0.861003403,9.455657135,826108149.4043528,908798367.8757861,20.53223625439674,20.62763381001822,0.09098852,,,81.16,
68,16,2021-07-27,2S,2S,111.0,Low,High,1,S,4.0,NxW_A library,barcode04A,A,13.6,0.136,57.7,3297.1,3808.2,3.2971,3.8082,0.001147842,0.000464515,109.75,126.76,7098.0,8198.1,,100.0,20.0,3.974279176,0.796784571,3.7951102590000003,685433055.2278353,851299654.1340722,20.345561393886797,20.56227474457448,0.194839265,318.0,275.0,,
69,24,2021-07-27,2N,2N,111.0,Low,High,1,N,10.0,NxW_A library,barcode10A,A,13.6,0.136,57.7,3297.1,3808.2,3.2971,3.8082,0.001147842,0.000464515,109.75,126.76,7098.0,8198.1,,100.0,20.0,3.83502565,0.755633848,3.61470601,2356312556.32555,2926512004.246643,21.580363757911854,21.797077108599538,0.194839265,318.0,275.0,,
70,20,2021-07-27,23S,23S,211.0,Low,High,2,S,6.0,NxW_A library,barcode06A,A,15.7,0.157,56.8,4344.1,5017.5,4.3441,5.0175,0.001147842,0.000464515,146.9,169.66,9352.0,10801.6,,100.0,20.0,1.877180483,0.636023829,1.537250823,2016340623.3914833,2543062638.332979,21.424550132899014,21.65663495475153,0.207121133,,,,
71,28,2021-07-27,23N,23N,211.0,Low,High,2,N,12.0,NxW_A library,barcode12A,A,15.7,0.157,56.8,4344.1,5017.5,4.3441,5.0175,0.001147842,0.000464515,146.9,169.66,9352.0,10801.6,,100.0,20.0,1.934568805,0.541917764,1.500533081,676714937.0026302,853490949.4600394,20.33276067425961,20.56484549611213,0.207121133,,,,
72,6,2021-07-27,32N,32N,311.0,Low,High,3,N,2.0,NxW_A library,barcode02A,A,13.6,0.136,58.1,3545.0,4094.5,3.545,4.0945,0.001147842,0.000464515,117.19,135.35,7631.6,8814.5,,100.0,20.0,2.805638429,0.871206301,2.700891242,874131835.5145624,1094005222.9250853,20.58874176379421,20.813111315089362,0.200980199,,,,
73,30,2021-07-27,32S,32S,311.0,Low,High,3,S,14.0,NxW_A library,barcode14A,A,13.6,0.136,58.1,3545.0,4094.5,3.545,4.0945,0.001147842,0.000464515,117.19,135.35,7631.6,8814.5,,100.0,20.0,2.143830935,0.877249816,2.045127263,1167133324.1062462,1460706383.8036802,20.877816428889226,21.10218598018438,0.200980199,,,,
74,38,2021-07-27,3S,3S,115.0,Optimal,High,1,S,19.0,NxW_A library,barcode19A,A,13.5,0.135,59.0,5874.9,6785.5,5.8749,6.7855,0.001147842,0.000464515,191.25,220.89,12647.4,14607.7,,100.0,200.0,3.629168123,0.852917515,3.50613215,1538554800.8627942,1896496390.998283,21.15410937176233,21.36327401611134,0.188738345,268.0,318.0,,
75,45,2021-07-27,3N,3N,115.0,Optimal,High,1,N,26.0,NxW_A library,barcode26A,A,13.5,0.135,59.0,5874.9,6785.5,5.8749,6.7855,0.001147842,0.000464515,191.25,220.89,12647.4,14607.7,,100.0,200.0,4.762722793,0.813928631,4.600697937,2443986406.1309867,3012574785.2965965,21.61689631610076,21.82606096044977,0.188738345,268.0,318.0,,
76,41,2021-07-27,20N,20N,215.0,Optimal,High,2,N,22.0,NxW_A library,barcode22A,A,15.0,0.15,57.7,4795.1,5538.3,4.7951,5.5383,0.001147842,0.000464515,159.62,184.36,10322.8,11922.9,,100.0,200.0,3.448590512,1.171437655,3.644074679,1639161559.728269,2172741423.486009,21.217450703984582,21.49925553596581,0.245579091,,,,
77,50,2021-07-27,20S,20S,215.0,Optimal,High,2,S,30.0,NxW_A library,barcode30A,A,15.0,0.15,57.7,4795.1,5538.3,4.7951,5.5383,0.001147842,0.000464515,159.62,184.36,10322.8,11922.9,,100.0,200.0,2.635407523,2.1351073830000002,3.794561418,1478398102.5234108,1959646246.3945453,21.114224975384563,21.39602980736579,0.245579091,,,,
78,21,2021-07-27,36S,36S,315.0,Optimal,High,3,S,7.0,NxW_A library,barcode07A,A,13.0,0.13,58.6,5296.7,6117.7,5.2967,6.1177,0.001147842,0.000464515,173.6,200.51,11402.7,13170.1,,100.0,200.0,1.6709260750000001,1.178847907,1.873820494,797900672.2364995,975458661.9959358,20.49749467678536,20.698418340908052,0.18202513,292.0,287.0,,
79,33,2021-07-27,36N,36N,315.0,Optimal,High,3,N,16.0,NxW_A library,barcode16A,A,13.0,0.13,58.6,5296.7,6117.7,5.2967,6.1177,0.001147842,0.000464515,173.6,200.51,11402.7,13170.1,,100.0,200.0,2.39914705,1.138819784,2.562013346,1459249181.5047538,1783978010.846169,21.1011878811467,21.30211154526939,0.18202513,292.0,287.0,,
80,56,2021-07-27,6S,6S,116.0,High,High,1,S,35.0,NxW_A library,barcode35A,A,15.0,0.15,58.8,5345.4,6173.9,5.3454,6.1739,0.001147842,0.000464515,174.6,201.67,11507.5,13291.1,,100.0,245.0,2.566746929,2.627973836,4.218767277,2016553314.9414496,2531154474.4354277,21.424655611274304,21.65194134961236,0.203306896,,,,
81,179,2021-07-27,6N,6N,116.0,High,High,1,N,39.0,NxW_B library,barcode39B,B,15.0,0.15,58.8,5345.4,6173.9,5.3454,6.1739,0.001147842,0.000464515,174.6,201.67,11507.5,13291.1,,100.0,245.0,3.325956453,0.968233649,3.318236614,563099175.2615011,706795593.4779887,20.14896632558428,20.37625206392234,0.203306896,,,,
82,46,2021-07-27,22N,22N,216.0,High,High,2,N,27.0,NxW_A library,barcode27A,A,15.1,0.151,58.8,5485.9,6336.2,5.4859,6.3362,0.001147842,0.000464515,179.19,206.97,11809.9,13640.5,,100.0,245.0,16.229399602,35.581491926,50.83493804,2142295053.5077255,2682381840.506877,21.48514354622139,21.709970983225677,0.201345975,,,,
83,48,2021-07-27,22S,22S,216.0,High,High,2,S,29.0,NxW_A library,barcode29A,A,15.1,0.151,58.8,5485.9,6336.2,5.4859,6.3362,0.001147842,0.000464515,179.19,206.97,11809.9,13640.5,,100.0,245.0,2.733414326,2.139745128,3.8972059660000005,2244859523.5516186,2810803493.4796934,21.531908783154623,21.756736220158906,0.201345975,,,,
84,58,2021-07-27,35N,35N,316.0,High,High,3,N,37.0,NxW_A library,barcode37A,A,16.0,0.16,57.2,5585.4,6451.2,5.5854,6.4512,0.001147842,0.000464515,187.55,216.62,12024.2,13887.9,,100.0,245.0,27.953791812,3.042445731,30.02028406,1116011150.7914937,1408706507.6344304,20.833026692604264,21.06593774982264,0.207775967,254.0,300.0,,
85,178,2021-07-27,35S,35S,316.0,High,High,3,S,38.0,NxW_B library,barcode38B,B,16.0,0.16,57.2,5585.4,6451.2,5.5854,6.4512,0.001147842,0.000464515,187.55,216.62,12024.2,13887.9,,100.0,245.0,3.14600864,0.973614886,3.1436700379999998,307408846.19917965,388032719.7788755,19.543689166140652,19.77660022335903,0.207775967,254.0,300.0,,
86,15,2021-07-27,8N,8N,121.0,Low,Low,1,N,3.0,NxW_A library,barcode03A,A,13.3,0.133,58.9,2857.6,3300.6,2.8576,3.3006,0.001147842,0.000464515,93.18,107.63,6151.9,7105.4,,70.0,20.0,8.759740008,9.511106782,17.294893300000002,888303277.8214439,949105195.5901023,20.604823771726867,20.67103019931406,0.064062359,,,,
87,23,2021-07-27,8S,8S,121.0,Low,Low,1,S,9.0,NxW_A library,barcode09A,A,13.3,0.133,58.9,2857.6,3300.6,2.8576,3.3006,0.001147842,0.000464515,93.18,107.63,6151.9,7105.4,,70.0,20.0,3.580571816,1.4809957599999999,4.085614088,1318147509.5396628,1408371083.495789,20.999493185990083,21.065699613577276,0.064062359,,,,
88,22,2021-07-27,14N,14N,221.0,Low,Low,2,N,8.0,NxW_A library,barcode08A,A,12.0,0.12,57.9,2510.6,2899.8,2.5106,2.8998,0.001147842,0.000464515,83.28,96.19,5404.9,6242.6,,70.0,20.0,3.792854258,0.753808499,3.570709269,1179638602.2151887,1262016467.1318266,20.8884739592048,20.955976649420734,0.065274794,,,,
89,29,2021-07-27,14S,14S,221.0,Low,Low,2,S,13.0,NxW_A library,barcode13A,A,12.0,0.12,57.9,2510.6,2899.8,2.5106,2.8998,0.001147842,0.000464515,83.28,96.19,5404.9,6242.6,,70.0,20.0,5.3223989,1.394594252,5.741039664,942186752.2177366,1007982609.402037,20.66371406365348,20.731216753869415,0.065274794,,,,
90,19,2021-07-27,30N,30N,321.0,Low,Low,3,N,5.0,NxW_A library,barcode05A,A,13.5,0.135,55.1,1448.5,1673.1,1.4485,1.6731,0.001147842,0.000464515,50.49,58.32,3118.4,3601.7,,70.0,20.0,2.148862114,1.110405265,2.283313891,1704134306.008308,1783051699.9566367,21.256323080327547,21.30159217145675,0.044259734,174.0,280.0,,
91,26,2021-07-27,30S,30S,321.0,Low,Low,3,S,11.0,NxW_A library,barcode11A,A,13.5,0.135,55.1,1448.5,1673.1,1.4485,1.6731,0.001147842,0.000464515,50.49,58.32,3118.4,3601.7,,70.0,20.0,2.260608695,2.728430641,4.013085848,1600685811.7019234,1674812570.575449,21.193698006669262,21.23896709779846,0.044259734,174.0,280.0,,
92,34,2021-07-27,10N,10N,125.0,Optimal,Low,1,N,17.0,NxW_A library,barcode17A,A,11.5,0.115,59.6,2729.3,3152.3,2.7293,3.1523,0.001147842,0.000464515,87.95,101.59,5875.5,6786.2,,70.0,200.0,7.927121522,10.346005608,17.29717364,4072893014.0849056,4399037182.061125,22.127619398163578,22.20465153166671,0.074139898,233.0,252.0,,
93,40,2021-07-27,10S,10S,125.0,Optimal,Low,1,S,21.0,NxW_A library,barcode21A,A,11.5,0.115,59.6,2729.3,3152.3,2.7293,3.1523,0.001147842,0.000464515,87.95,101.59,5875.5,6786.2,,70.0,200.0,3.966325952,10.292207265,13.28257973,3644364970.741873,3936193991.8023086,22.016447967953887,22.093480101457015,0.074139898,233.0,252.0,,
94,2,2021-07-27,15N,15N,225.0,Optimal,Low,2,N,1.0,NxW_A library,barcode01A,A,11.6,0.116,58.1,2429.9,2806.6,2.4299,2.8066,0.001147842,0.000464515,80.33,92.78,5231.1,6042.0,,70.0,200.0,3.9248250810000003,1.92054646,4.869418053,4411825704.680807,4822155770.990932,22.20755443272524,22.29648692041235,0.085092661,298.0,298.0,,
95,42,2021-07-27,15S,15S,225.0,Optimal,Low,2,S,23.0,NxW_A library,barcode23A,A,11.6,0.116,58.1,2429.9,2806.6,2.4299,2.8066,0.001147842,0.000464515,80.33,92.78,5231.1,6042.0,,70.0,200.0,9.052612673,3.5839396199999998,11.66059881,2412224624.275679,2636578068.01753,21.60381523928438,21.69274772697149,0.085092661,298.0,298.0,,
96,32,2021-07-27,28S,28S,325.0,Optimal,Low,3,S,15.0,NxW_A library,barcode15A,A,11.9,0.119,58.1,3428.1,3959.4,3.4281,3.9594,0.001147842,0.000464515,113.32,130.89,7379.9,8523.7,,70.0,200.0,2.120276207,1.07654081,2.220863529,859760192.1612452,936362506.9275249,20.57216406200283,20.657513253189,0.081808396,,,,
97,39,2021-07-27,28N,28N,325.0,Optimal,Low,3,N,20.0,NxW_A library,barcode20A,A,11.9,0.119,58.1,3428.1,3959.4,3.4281,3.9594,0.001147842,0.000464515,113.32,130.89,7379.9,8523.7,,70.0,200.0,6.517291238,2.3013555610000003,7.842693311,2247073489.687737,2447281678.3540716,21.53289453530581,21.61824372649198,0.081808396,,,,
98,44,2021-07-27,9S,9S,126.0,High,Low,1,S,25.0,NxW_A library,barcode25A,A,11.7,0.117,58.4,3344.0,3862.3,3.344,3.8623,0.001147842,0.000464515,109.98,127.02,7198.9,8314.8,,70.0,245.0,4.54579207,3.644598307,7.214436889,3722795383.766562,4095987502.0146856,22.03774067028542,22.133273673413015,0.091111635,189.0,300.0,,
99,47,2021-07-27,13N,13N,226.0,High,Low,2,N,28.0,NxW_A library,barcode28A,A,12.4,0.124,59.2,3300.4,3812.0,3.3004,3.812,0.001147842,0.000464515,107.08,123.67,7105.1,8206.4,,70.0,245.0,3.212967769,2.208186583,4.445200864,2114583553.3629906,2175757203.826992,21.47212372857379,21.50064258059107,0.028116028,,,,
100,57,2021-07-27,13S,13S,226.0,High,Low,2,S,36.0,NxW_A library,barcode36A,A,12.4,0.124,59.2,3300.4,3812.0,3.3004,3.812,0.001147842,0.000464515,107.08,123.67,7105.1,8206.4,,70.0,245.0,8.786763478000001,5.37021661,13.1810266,2505306633.9075546,2577783671.801879,21.641676972737432,21.67019582475471,0.028116028,,,,
101,36,2021-07-27,26S,26S,326.0,High,Low,3,S,18.0,NxW_A library,barcode18A,A,12.7,0.127,59.7,3336.1,3853.2,3.3361,3.8532,0.001147842,0.000464515,107.33,123.96,7181.9,8295.0,,70.0,245.0,3.446046434,1.5111880869999998,3.981281033,1978298013.308521,2141004660.1660085,21.405502722756054,21.48454102318214,0.075995466,181.0,279.0,,
102,43,2021-07-27,26N,26N,326.0,High,Low,3,N,24.0,NxW_A library,barcode24A,A,12.7,0.127,59.7,3336.1,3853.2,3.3361,3.8532,0.001147842,0.000464515,107.33,123.96,7181.9,8295.0,,70.0,245.0,43.621979832,27.526278476,70.17230482,2203702378.6586328,2384947581.500323,21.513404682212528,21.592442982638612,0.075995466,181.0,279.0,,
103,94,2021-08-10,2N,2N,111.0,Low,High,1,N,59.0,NxW_A library,barcode59A,A,13.6,0.136,57.7,3297.1,3808.2,3.2971,3.8082,0.001147842,0.000464515,109.75,126.76,7098.0,8198.1,,100.0,20.0,1.983477455,0.434817659,1.4423416260000002,1233262681.2471893,1516601272.6857307,20.932929080812354,21.139737663401093,0.186824709,593.595753,219.0,,
104,98,2021-08-10,2S,2S,111.0,Low,High,1,S,63.0,NxW_A library,barcode63A,A,13.6,0.136,57.7,3297.1,3808.2,3.2971,3.8082,0.001147842,0.000464515,109.75,126.76,7098.0,8198.1,,100.0,20.0,1.580651161,0.453064434,1.057762107,1852158994.4903965,2277687252.6619806,21.339617819642285,21.546426402231027,0.186824709,593.595753,219.0,,
105,115,2021-08-10,23S,23S,211.0,Low,High,2,S,76.0,NxW_A library,barcode76A,A,15.7,0.157,56.8,4344.1,5017.5,4.3441,5.0175,0.001147842,0.000464515,146.9,169.66,9352.0,10801.6,,100.0,20.0,1.878311051,0.431931447,1.33428901,1313646000.3696184,1634023836.5672488,20.996072314601083,21.214311421140273,0.196066807,583.1388049,214.0,,
106,130,2021-08-10,23N,23N,211.0,Low,High,2,N,86.0,NxW_A library,barcode86A,A,15.7,0.157,56.8,4344.1,5017.5,4.3441,5.0175,0.001147842,0.000464515,146.9,169.66,9352.0,10801.6,,100.0,20.0,2.03146554,0.468847597,1.524359649,1204631333.6729004,1498422187.5173905,20.90943940991823,21.127678516457422,0.196066807,583.1388049,214.0,,
107,137,2021-08-10,32S,32S,311.0,Low,High,3,S,2.0,NxW_B library,barcode02B,B,13.6,0.136,58.1,3545.0,4094.5,3.545,4.0945,0.001147842,0.000464515,117.19,135.35,7631.6,8814.5,,100.0,20.0,3.203289459,0.472066211,2.699402183,615131130.4870903,759217029.0333663,20.237346023346785,20.44779823524206,0.189782227,478.1038168,195.0,,
108,125,2021-08-10,32N,32N,311.0,Low,High,3,N,80.0,NxW_A library,barcode80A,A,13.6,0.136,58.1,3545.0,4094.5,3.545,4.0945,0.001147842,0.000464515,117.19,135.35,7631.6,8814.5,,100.0,20.0,2.245644633,0.452377859,1.7220690040000002,1068905108.5800176,1319281240.427711,20.789900698519887,21.000352910415163,0.189782227,478.1038168,195.0,,
109,95,2021-08-10,3N,3N,115.0,Optimal,High,1,N,60.0,NxW_A library,barcode60A,A,13.5,0.135,59.0,5874.9,6785.5,5.8749,6.7855,0.001147842,0.000464515,191.25,220.89,12647.4,14607.7,,100.0,200.0,1.905850825,0.475379598,1.405276935,3171274058.690134,3883367023.119075,21.877399255349623,22.079968403733687,0.183369988,806.0755365,245.0,,
110,99,2021-08-10,3S,3S,115.0,Optimal,High,1,S,64.0,NxW_A library,barcode64A,A,13.5,0.135,59.0,5874.9,6785.5,5.8749,6.7855,0.001147842,0.000464515,191.25,220.89,12647.4,14607.7,,100.0,200.0,1.9116812680000002,0.453268153,1.3889959330000001,1999756553.9744759,2448791404.4169073,21.416291287084746,21.61886043546881,0.183369988,806.0755365,245.0,,
111,118,2021-08-10,20S,20S,215.0,Optimal,High,2,S,78.0,NxW_A library,barcode78A,A,15.0,0.15,57.7,4795.1,5538.3,4.7951,5.5383,0.001147842,0.000464515,159.62,184.36,10322.8,11922.9,,100.0,200.0,3.403809478,0.561149333,2.989005324,1072200419.0308479,1351019295.9436321,20.792978840171706,21.02412517853427,0.20637668,732.8496644,222.0,,
112,129,2021-08-10,20N,20N,215.0,Optimal,High,2,N,85.0,NxW_A library,barcode85A,A,15.0,0.15,57.7,4795.1,5538.3,4.7951,5.5383,0.001147842,0.000464515,159.62,184.36,10322.8,11922.9,,100.0,200.0,1.9853380820000002,0.723776974,1.733161568,2210905911.2470536,2785837884.964184,21.516668183075467,21.747814521438027,0.20637668,732.8496644,222.0,,
113,122,2021-08-10,36S,36S,315.0,Optimal,High,3,S,83.0,NxW_A library,barcode83A,A,13.0,0.13,58.6,5296.7,6117.7,5.2967,6.1177,0.001147842,0.000464515,173.6,200.51,11402.7,13170.1,,100.0,200.0,2.7311385020000003,0.326070854,2.081255868,1453908613.4353144,1768685198.9212236,21.09752136224982,21.29350228203237,0.177972081,840.8325424,260.0,,
114,134,2021-08-10,36N,36N,315.0,Optimal,High,3,N,90.0,NxW_A library,barcode90A,A,13.0,0.13,58.6,5296.7,6117.7,5.2967,6.1177,0.001147842,0.000464515,173.6,200.51,11402.7,13170.1,,100.0,200.0,3.631361096,0.954697393,3.610105001,955806380.9774194,1162741993.1675332,20.678065920145286,20.874046839927836,0.177972081,840.8325424,260.0,,
115,93,2021-08-10,6S,6S,116.0,High,High,1,S,58.0,NxW_A library,barcode58A,A,15.0,0.15,58.8,5345.4,6173.9,5.3454,6.1739,0.001147842,0.000464515,174.6,201.67,11507.5,13291.1,,100.0,245.0,1.2866130310000001,0.512798701,0.823458244,2473738998.9602637,3053064952.194509,21.628996607760605,21.839411825348215,0.189752253,741.3628735,265.0,,
116,96,2021-08-10,6N,6N,116.0,High,High,1,N,61.0,NxW_A library,barcode61A,A,15.0,0.15,58.8,5345.4,6173.9,5.3454,6.1739,0.001147842,0.000464515,174.6,201.67,11507.5,13291.1,,100.0,245.0,1.3969465650000001,0.0,0.4209930770000001,1964126817.9967542,2424106485.046177,21.398313616075495,21.608728833663104,0.189752253,741.3628735,265.0,,
117,116,2021-08-10,22S,22S,216.0,High,High,2,S,77.0,NxW_A library,barcode77A,A,15.1,0.151,58.8,5485.9,6336.2,5.4859,6.3362,0.001147842,0.000464515,179.19,206.97,11809.9,13640.5,,100.0,245.0,1.8009746290000002,0.646552987,1.471574128,896759433.9252578,1095602825.0781727,20.61429819444986,20.814570573917024,0.181492222,768.1862653,295.0,,
118,120,2021-08-10,22N,22N,216.0,High,High,2,N,79.0,NxW_A library,barcode79A,A,15.1,0.151,58.8,5485.9,6336.2,5.4859,6.3362,0.001147842,0.000464515,179.19,206.97,11809.9,13640.5,,100.0,245.0,2.1576264050000002,0.304991418,1.486664335,1064698568.9904214,1300780026.2961233,20.78595756223436,20.986229941701527,0.181492222,768.1862653,295.0,,
119,136,2021-08-10,35S,35S,316.0,High,High,3,S,1.0,NxW_B library,barcode01B,B,16.0,0.16,57.2,5585.4,6451.2,5.5854,6.4512,0.001147842,0.000464515,187.55,216.62,12024.2,13887.9,,100.0,245.0,6.535713573,3.5398018999999996,9.099561985000001,1141785345.8443055,1434510016.7440116,20.855858967154152,21.084089176103742,0.204058994,786.7120931,260.0,,
120,135,2021-08-10,35N,35N,316.0,High,High,3,N,91.0,NxW_A library,barcode91A,A,16.0,0.16,57.2,5585.4,6451.2,5.5854,6.4512,0.001147842,0.000464515,187.55,216.62,12024.2,13887.9,,100.0,245.0,2.224555211,0.960426337,2.20902806,1466472103.5426698,1842438186.358085,21.106125423727388,21.334355632676978,0.204058994,786.7120931,260.0,,
121,100,2021-08-10,8S,8S,121.0,Low,Low,1,S,65.0,NxW_A library,barcode65A,A,13.3,0.133,58.9,2857.6,3300.6,2.8576,3.3006,0.001147842,0.000464515,93.18,107.63,6151.9,7105.4,,70.0,20.0,2.835856639,1.056539905,2.9164430550000002,2025378394.8926728,2354048959.157869,21.42902238172384,21.579402643851083,0.139619256,490.5736978,230.0,,
122,101,2021-08-10,8N,8N,121.0,Low,Low,1,N,66.0,NxW_A library,barcode66A,A,13.3,0.133,58.9,2857.6,3300.6,2.8576,3.3006,0.001147842,0.000464515,93.18,107.63,6151.9,7105.4,,70.0,20.0,0.9131917820000001,0.38197779000000004,0.319216084,1132597643.5242627,1316391204.036829,20.84777963105225,20.998159893179494,0.139619256,490.5736978,230.0,,
123,103,2021-08-10,14S,14S,221.0,Low,Low,2,S,68.0,NxW_A library,barcode68A,A,12.0,0.12,57.9,2510.6,2899.8,2.5106,2.8998,0.001147842,0.000464515,83.28,96.19,5404.9,6242.6,,70.0,20.0,1.610096615,0.479965817,1.114108944,651708612.0016705,780893765.1407548,20.295108105887184,20.475949674404276,0.16543243,524.4786325,238.0,,
124,124,2021-08-10,30S,30S,321.0,Low,Low,3,S,84.0,NxW_A library,barcode84A,A,13.5,0.135,55.1,1448.5,1673.1,1.4485,1.6731,0.001147842,0.000464515,50.49,58.32,3118.4,3601.7,,70.0,20.0,2.582130985,1.38464193,2.990819427,1873054435.2217405,2172215541.5934134,21.35083632310496,21.499013470555543,0.137721649,304.1069562,173.0,,
125,133,2021-08-10,30N,30N,321.0,Low,Low,3,N,89.0,NxW_A library,barcode89A,A,13.5,0.135,55.1,1448.5,1673.1,1.4485,1.6731,0.001147842,0.000464515,50.49,58.32,3118.4,3601.7,,70.0,20.0,3.561844995,0.8691516020000001,3.455043109,1392170249.5901742,1614525342.0495236,21.05412969711997,21.202306844570554,0.137721649,304.1069562,173.0,,
126,113,2021-08-10,10N,10N,125.0,Optimal,Low,1,N,75.0,NxW_A library,barcode75A,A,11.5,0.115,59.6,2729.3,3152.3,2.7293,3.1523,0.001147842,0.000464515,87.95,101.59,5875.5,6786.2,,70.0,200.0,2.5530920860000004,11.223871476,12.80101007,10042381974.708923,11729596082.507984,23.030080171548008,23.185381064450112,0.143842473,514.6802375,248.0,,
127,104,2021-08-10,15N,15N,225.0,Optimal,Low,2,N,69.0,NxW_A library,barcode69A,A,11.6,0.116,58.1,2429.9,2806.6,2.4299,2.8066,0.001147842,0.000464515,80.33,92.78,5231.1,6042.0,,70.0,200.0,2.862811166,4.706814711,6.593672389,3254462561.5879946,3732460196.031494,21.9032929873272,22.040333423163087,0.128065032,489.1228814,197.0,,
128,106,2021-08-10,15S,15S,225.0,Optimal,Low,2,S,71.0,NxW_A library,barcode71A,A,11.6,0.116,58.1,2429.9,2806.6,2.4299,2.8066,0.001147842,0.000464515,80.33,92.78,5231.1,6042.0,,70.0,200.0,2.2541684650000002,6.757993032,8.036208009000001,730449078.2229964,837733437.7338521,20.40917007861168,20.546210514447562,0.128065032,489.1228814,197.0,,
129,131,2021-08-10,28N,28N,325.0,Optimal,Low,3,N,87.0,NxW_A library,barcode87A,A,11.9,0.119,58.1,3428.1,3959.4,3.4281,3.9594,0.001147842,0.000464515,113.32,130.89,7379.9,8523.7,,70.0,200.0,2.8452017630000004,0.5517704,2.421018675,1369150635.5795736,1557978245.494476,21.03745641049357,21.16665482120023,0.121200415,652.6642027,253.0,,
130,132,2021-08-10,28S,28S,325.0,Optimal,Low,3,S,88.0,NxW_A library,barcode88A,A,11.9,0.119,58.1,3428.1,3959.4,3.4281,3.9594,0.001147842,0.000464515,113.32,130.89,7379.9,8523.7,,70.0,200.0,27.318540142000003,6.673850031,33.01643668,1946176208.335009,2214584805.8576508,21.389132365601153,21.518330776307813,0.121200415,652.6642027,253.0,,
131,105,2021-08-10,9S,9S,126.0,High,Low,1,S,70.0,NxW_A library,barcode70A,A,11.7,0.117,58.4,3344.0,3862.3,3.344,3.8623,0.001147842,0.000464515,109.98,127.02,7198.9,8314.8,,70.0,245.0,1.530143735,6.273477354,6.827667601,2288013927.585697,2640392556.7571077,21.550949997676945,21.69419343879185,0.133456909,505.2456232,217.0,,
132,109,2021-08-10,9N,9N,126.0,High,Low,1,N,73.0,NxW_A library,barcode73A,A,11.7,0.117,58.4,3344.0,3862.3,3.344,3.8623,0.001147842,0.000464515,109.98,127.02,7198.9,8314.8,,70.0,245.0,2.441942813,7.9834998399999995,9.449489165,2493386496.229731,2877394698.689867,21.636907662054647,21.78015110316955,0.133456909,505.2456232,217.0,,
133,108,2021-08-10,13N,13N,226.0,High,Low,2,N,72.0,NxW_A library,barcode72A,A,12.4,0.124,59.2,3300.4,3812.0,3.3004,3.812,0.001147842,0.000464515,107.08,123.67,7105.1,8206.4,,70.0,245.0,2.423863442,0.760692605,2.208602559,1319915274.6356196,1499519501.680524,21.000833385602583,21.12841056152427,0.119774519,609.9221027,273.0,,
134,110,2021-08-10,13S,13S,226.0,High,Low,2,S,74.0,NxW_A library,barcode74A,A,12.4,0.124,59.2,3300.4,3812.0,3.3004,3.812,0.001147842,0.000464515,107.08,123.67,7105.1,8206.4,,70.0,245.0,2.233238294,0.901311858,2.158596664,1093740732.4037735,1242568814.4828582,20.812869522369365,20.94044669829105,0.119774519,609.9221027,273.0,,
135,126,2021-08-10,26S,26S,326.0,High,Low,3,S,81.0,NxW_A library,barcode81A,A,12.7,0.127,59.7,3336.1,3853.2,3.3361,3.8532,0.001147842,0.000464515,107.33,123.96,7181.9,8295.0,,70.0,245.0,2.791414977,5.1799847429999994,6.995446232,2160290427.047486,2540815619.92711,21.493508506570386,21.65575097663953,0.149764977,540.6081775,259.0,,
136,128,2021-08-10,26N,26N,326.0,High,Low,3,N,82.0,NxW_A library,barcode82A,A,12.7,0.127,59.7,3336.1,3853.2,3.3361,3.8532,0.001147842,0.000464515,107.33,123.96,7181.9,8295.0,,70.0,245.0,2.59858292,0.835784621,2.4584140540000003,1231630935.913478,1448577043.5187988,20.931605092173886,21.09384756224303,0.149764977,540.6081775,259.0,,
137,180,2021-09-23,2S,2S,111.0,Low,High,1,S,40.0,NxW_B library,barcode40B,B,13.6,0.136,57.7,3297.1,3808.2,3.2971,3.8082,0.001147842,0.000464515,109.75,126.76,7098.0,8198.1,,100.0,20.0,4.720863727999999,1.105782043,4.850692283,701071313.9465492,779636718.8019568,20.36812017155999,20.474338624029265,0.100771812,246.9270713,135.0,,581.241
138,92,2021-09-23,2N,2N,111.0,Low,High,1,N,57.0,NxW_A library,barcode57A,A,13.6,0.136,57.7,3297.1,3808.2,3.2971,3.8082,0.001147842,0.000464515,109.75,126.76,7098.0,8198.1,,100.0,20.0,3.673607895,0.742529083,3.44018349,2587506857.9547815,2877475253.205454,21.673960645951695,21.78017909842097,0.100771812,246.9270713,135.0,,581.241
139,68,2021-09-23,32N,32N,311.0,Low,High,3,N,46.0,NxW_A library,barcode46A,A,13.6,0.136,58.1,3545.0,4094.5,3.545,4.0945,0.001147842,0.000464515,117.19,135.35,7631.6,8814.5,,100.0,20.0,2.5586392360000003,2.073670587,3.656356335,1634562863.5688798,1894250061.697367,21.214641243816537,21.362088851346623,0.137092353,352.8014989,148.0,,581.86
140,186,2021-09-23,3S,3S,115.0,Optimal,High,1,S,46.0,NxW_B library,barcode46B,B,13.5,0.135,59.0,5874.9,6785.5,5.8749,6.7855,0.001147842,0.000464515,191.25,220.89,12647.4,14607.7,,100.0,200.0,3.890529898,1.066039685,3.980616094,1205643501.0536616,1325818678.5641978,20.910279287118687,21.00529597619563,0.090642242,336.5720471,158.0,,846.204
141,85,2021-09-23,3N,3N,115.0,Optimal,High,1,N,51.0,NxW_A library,barcode51A,A,13.5,0.135,59.0,5874.9,6785.5,5.8749,6.7855,0.001147842,0.000464515,191.25,220.89,12647.4,14607.7,,100.0,200.0,3.7244635340000003,0.794954495,3.5434645409999996,3004587678.6587787,3304076588.368182,21.823406183758383,21.918422872835325,0.090642242,336.5720471,158.0,,846.204
142,71,2021-09-23,20S,20S,215.0,Optimal,High,2,S,49.0,NxW_A library,barcode49A,A,15.0,0.15,57.7,4795.1,5538.3,4.7951,5.5383,0.001147842,0.000464515,159.62,184.36,10322.8,11922.9,,100.0,200.0,4.756112191,1.395860828,5.176019531,2256286691.9734564,2504296756.129369,21.536986242283742,21.64127379599339,0.099033816,516.3732334,184.0,,668.568
143,86,2021-09-23,20N,20N,215.0,Optimal,High,2,N,52.0,NxW_A library,barcode52A,A,15.0,0.15,57.7,4795.1,5538.3,4.7951,5.5383,0.001147842,0.000464515,159.62,184.36,10322.8,11922.9,,100.0,200.0,2.5055375580000003,0.89710013,2.4266842,2845267557.644152,3158018145.6001816,21.7689229449689,21.873210498678546,0.099033816,516.3732334,184.0,,668.568
144,51,2021-09-23,36S,36S,315.0,Optimal,High,3,S,31.0,NxW_A library,barcode31A,A,13.0,0.13,58.6,5296.7,6117.7,5.2967,6.1177,0.001147842,0.000464515,173.6,200.51,11402.7,13170.1,,100.0,200.0,1.2304021330000001,0.8102083760000001,1.0646570210000001,2607160626.6250896,2828259683.1110525,21.68152758358819,21.762927406476138,0.078174949,379.3079558,153.0,,754.416
145,52,2021-09-23,36N,36N,315.0,Optimal,High,3,N,32.0,NxW_A library,barcode32A,A,13.0,0.13,58.6,5296.7,6117.7,5.2967,6.1177,0.001147842,0.000464515,173.6,200.51,11402.7,13170.1,,100.0,200.0,2.4656823350000003,1.152276444,2.64200529,3223847691.7586923,3497244610.8526206,21.893841418464522,21.975241241352474,0.078174949,379.3079558,153.0,,754.416
146,55,2021-09-23,6N,6N,116.0,High,High,1,N,34.0,NxW_A library,barcode34A,A,15.0,0.15,58.8,5345.4,6173.9,5.3454,6.1739,0.001147842,0.000464515,174.6,201.67,11507.5,13291.1,,100.0,245.0,4.028859409000001,1.538347376,4.591253296,1024409242.0967101,1123452717.9999564,20.747381934209812,20.839672564146852,0.088159897,275.1883999,159.0,,641.845
147,183,2021-09-23,6S,6S,116.0,High,High,1,S,43.0,NxW_B library,barcode43B,B,15.0,0.15,58.8,5345.4,6173.9,5.3454,6.1739,0.001147842,0.000464515,174.6,201.67,11507.5,13291.1,,100.0,245.0,2.533733008,0.810862741,2.3686422609999997,720221744.7069441,789855307.2379447,20.395069701318295,20.48736033125534,0.088159897,275.1883999,159.0,,641.845
148,181,2021-09-23,22N,22N,216.0,High,High,2,N,41.0,NxW_B library,barcode41B,B,15.1,0.151,58.8,5485.9,6336.2,5.4859,6.3362,0.001147842,0.000464515,179.19,206.97,11809.9,13640.5,,100.0,245.0,3.5633405860000003,0.851162226,3.438549323,395727879.1943867,523364585.67583656,19.796237359255105,20.075788883707396,0.243877232,443.584769,199.0,,867.636
149,72,2021-09-23,22S,22S,216.0,High,High,2,S,50.0,NxW_A library,barcode50A,A,15.1,0.151,58.8,5485.9,6336.2,5.4859,6.3362,0.001147842,0.000464515,179.19,206.97,11809.9,13640.5,,100.0,245.0,2.844725602,0.647313111,2.5160852250000003,2029475159.4876351,2684055083.8797584,21.43104305444801,21.710594578900302,0.243877232,443.584769,199.0,,867.636
150,59,2021-09-23,35S,35S,316.0,High,High,3,S,38.0,NxW_A library,barcode38A,A,16.0,0.16,57.2,5585.4,6451.2,5.5854,6.4512,0.001147842,0.000464515,187.55,216.62,12024.2,13887.9,,100.0,245.0,1.792099758,1.109242689,1.9253889590000002,3374921232.6613917,3765636683.3056855,21.93963782252786,22.049182789693177,0.103758138,401.95678,182.0,,974.757
151,69,2021-09-23,35N,35N,316.0,High,High,3,N,47.0,NxW_A library,barcode47A,A,16.0,0.16,57.2,5585.4,6451.2,5.5854,6.4512,0.001147842,0.000464515,187.55,216.62,12024.2,13887.9,,100.0,245.0,2.429871825,1.550275317,3.004193654,1437886046.3967607,1604350463.1529481,21.086439848596743,21.195984815762063,0.103758138,401.95678,182.0,,974.757
152,88,2021-09-23,8S,8S,121.0,Low,Low,1,S,54.0,NxW_A library,barcode54A,A,13.3,0.133,58.9,2857.6,3300.6,2.8576,3.3006,0.001147842,0.000464515,93.18,107.63,6151.9,7105.4,,70.0,20.0,5.611464632,1.782969029,6.418480173,1859615584.783319,2009918739.1598337,21.343635628463655,21.42136012992146,0.074780712,244.3350073,112.0,,207.536
153,97,2021-09-23,8N,8N,121.0,Low,Low,1,N,62.0,NxW_A library,barcode62A,A,13.3,0.133,58.9,2857.6,3300.6,2.8576,3.3006,0.001147842,0.000464515,93.18,107.63,6151.9,7105.4,,70.0,20.0,3.384241341,0.776666439,3.1849542920000005,1832984676.9236944,1981135392.1144092,21.329211446207495,21.406935947665303,0.074780712,244.3350073,112.0,,207.536
154,184,2021-09-23,14N,14N,221.0,Low,Low,2,N,44.0,NxW_B library,barcode44B,B,12.0,0.12,57.9,2510.6,2899.8,2.5106,2.8998,0.001147842,0.000464515,83.28,96.19,5404.9,6242.6,,70.0,20.0,3.161882556,1.637062158,3.822991226,540585722.3025467,590053094.9413811,20.108163780622753,20.195723082241123,0.08383546,225.9456802,131.0,,364.595
155,90,2021-09-23,14S,14S,221.0,Low,Low,2,S,55.0,NxW_A library,barcode55A,A,12.0,0.12,57.9,2510.6,2899.8,2.5106,2.8998,0.001147842,0.000464515,83.28,96.19,5404.9,6242.6,,70.0,20.0,2.3018408800000003,3.471701084,4.7975884760000005,2355611760.911316,2571166704.303264,21.580066301767733,21.667625603386103,0.08383546,225.9456802,131.0,,364.595
156,61,2021-09-23,30S,30S,321.0,Low,Low,3,S,39.0,NxW_A library,barcode39A,A,13.5,0.135,55.1,1448.5,1673.1,1.4485,1.6731,0.001147842,0.000464515,50.49,58.32,3118.4,3601.7,,70.0,20.0,2.299463706,0.980547446,2.304057664,2869886427.93043,3133232672.664203,21.777538293785266,21.86533111129275,0.084049374,172.7642933,112.0,,243.62
157,182,2021-09-23,10N,10N,125.0,Optimal,Low,1,N,42.0,NxW_B library,barcode42B,B,11.5,0.115,59.6,2729.3,3152.3,2.7293,3.1523,0.001147842,0.000464515,87.95,101.59,5875.5,6786.2,,70.0,200.0,3.997391025,12.711162966,15.73260051,703795704.2027291,780760112.1076849,20.37199867911436,20.47577850583057,0.098576255,171.5510033,123.0,,318.999
158,91,2021-09-23,10S,10S,125.0,Optimal,Low,1,S,56.0,NxW_A library,barcode56A,A,11.5,0.115,59.6,2729.3,3152.3,2.7293,3.1523,0.001147842,0.000464515,87.95,101.59,5875.5,6786.2,,70.0,200.0,7.507661119,14.311730336,20.84343797,9324504864.731674,10344197073.188564,22.955911703450656,23.059691530166866,0.098576255,171.5510033,123.0,,318.999
159,62,2021-09-23,15N,15N,225.0,Optimal,Low,2,N,40.0,NxW_A library,barcode40A,A,11.6,0.116,58.1,2429.9,2806.6,2.4299,2.8066,0.001147842,0.000464515,80.33,92.78,5231.1,6042.0,,70.0,200.0,3.883812503,3.0660644570000004,5.973923471,5249048300.481204,5741568359.645737,22.381312621018626,22.4709982433442,0.08578145,261.5405601,151.0,,516.328
160,65,2021-09-23,15S,15S,225.0,Optimal,Low,2,S,43.0,NxW_A library,barcode43A,A,11.6,0.116,58.1,2429.9,2806.6,2.4299,2.8066,0.001147842,0.000464515,80.33,92.78,5231.1,6042.0,,70.0,200.0,6.381952668,7.677504823,13.083504,4940089908.416469,5403620292.343082,22.320649368064927,22.410334990390503,0.08578145,261.5405601,151.0,,516.328
161,63,2021-09-23,28S,28S,325.0,Optimal,Low,3,S,41.0,NxW_A library,barcode41A,A,11.9,0.119,58.1,3428.1,3959.4,3.4281,3.9594,0.001147842,0.000464515,113.32,130.89,7379.9,8523.7,,70.0,200.0,2.705634491,0.910534688,2.640215691,3362259266.4402375,3600232060.259311,21.9358789856877,22.004264141514085,0.066099293,251.5693387,121.0,,512.766
162,66,2021-09-23,28N,28N,325.0,Optimal,Low,3,N,44.0,NxW_A library,barcode44A,A,11.9,0.119,58.1,3428.1,3959.4,3.4281,3.9594,0.001147842,0.000464515,113.32,130.89,7379.9,8523.7,,70.0,200.0,8.424662354999999,4.602968704,12.051677569999999,702374610.8569405,752087031.94283,20.369977453357603,20.438362609183983,0.066099293,251.5693387,121.0,,512.766
163,70,2021-09-23,9S,9S,126.0,High,Low,1,S,48.0,NxW_A library,barcode48A,A,11.7,0.117,58.4,3344.0,3862.3,3.344,3.8623,0.001147842,0.000464515,109.98,127.02,7198.9,8314.8,,70.0,245.0,3.597312352,5.0739141739999996,7.695273038,2363603958.2382765,2635441826.2133055,21.583453392099425,21.692316680865968,0.103146981,209.2466352,121.0,,563.472
164,185,2021-09-23,13N,13N,226.0,High,Low,2,N,45.0,NxW_B library,barcode45B,B,12.4,0.124,59.2,3300.4,3812.0,3.3004,3.812,0.001147842,0.000464515,107.08,123.67,7105.1,8206.4,,70.0,245.0,28.215081652000002,22.650131586,49.88925975,508481376.0968564,542189942.3682339,20.046939147603915,20.111126945185514,0.062171139,205.3670075,130.0,,510.72
165,87,2021-09-23,13S,13S,226.0,High,Low,2,S,53.0,NxW_A library,barcode53A,A,12.4,0.124,59.2,3300.4,3812.0,3.3004,3.812,0.001147842,0.000464515,107.08,123.67,7105.1,8206.4,,70.0,245.0,5.887580913,3.768087447,8.679714871,1724806253.2564113,1839148191.0860188,21.268380564168908,21.33256836175051,0.062171139,205.3670075,130.0,,510.72
166,64,2021-09-23,26N,26N,326.0,High,Low,3,N,42.0,NxW_A library,barcode42A,A,12.7,0.127,59.7,3336.1,3853.2,3.3361,3.8532,0.001147842,0.000464515,107.33,123.96,7181.9,8295.0,,70.0,245.0,2.391507336,2.215260323,3.630814171,2182804227.443768,2345915061.215253,21.50387622998135,21.57594138073165,0.069529727,239.3248679,138.0,,432.905
167,67,2021-09-23,26S,26S,326.0,High,Low,3,S,45.0,NxW_A library,barcode45A,A,12.7,0.127,59.7,3336.1,3853.2,3.3361,3.8532,0.001147842,0.000464515,107.33,123.96,7181.9,8295.0,,70.0,245.0,1.903819232,1.246445233,2.174310977,3404931251.8975735,3659365968.693955,21.948490586005608,22.020555736755906,0.069529727,239.3248679,138.0,,432.905
168,223,2022-05-26,2S,2S,111.0,Low,High,1,S,1.0,NxW_16S_C library,barcode01C,C,13.6,0.136,57.7,3297.1,3808.2,3.2971,3.8082,0.001147842,0.000464515,109.75,126.76,7098.0,8198.1,,100.0,20.0,11.601463363999999,4.5766761835,15.20218606,4021219249.4386263,4883740295.620943,22.1148509894727,22.309177217256266,0.176610752,,,,
169,236,2022-05-26,23S,23S,211.0,Low,High,2,S,14.0,NxW_16S_C library,barcode14C,C,15.7,0.157,56.8,4344.1,5017.5,4.3441,5.0175,0.001147842,0.000464515,146.9,169.66,9352.0,10801.6,,100.0,20.0,6.8495338215,2.7888473109999996,8.662427644000001,1223989488.5325105,1495267489.7119343,20.925381433199433,21.125570950668507,0.181424396,,,,
170,226,2022-05-26,32S,32S,311.0,Low,High,3,S,4.0,NxW_16S_C library,barcode04C,C,13.6,0.136,58.1,3545.0,4094.5,3.545,4.0945,0.001147842,0.000464515,117.19,135.35,7631.6,8814.5,,100.0,20.0,2.8968702065,1.9094443589999999,3.830361077,459312326.3745245,581544400.1064113,19.945240986241643,20.18119788144737,0.210185282,,,,
171,240,2022-05-26,3S,3S,115.0,Optimal,High,1,S,18.0,NxW_16S_C library,barcode18C,C,13.5,0.135,59.0,5874.9,6785.5,5.8749,6.7855,0.001147842,0.000464515,191.25,220.89,12647.4,14607.7,,100.0,200.0,9.129963399,6.1320052275,14.286015135,1071101614.2970884,1308136054.4217687,20.791953501873195,20.991869101714034,0.181200143,,,,
172,227,2022-05-26,20S,20S,215.0,Optimal,High,2,S,5.0,NxW_16S_C library,barcode05C,C,15.0,0.15,57.7,4795.1,5538.3,4.7951,5.5383,0.001147842,0.000464515,159.62,184.36,10322.8,11922.9,,100.0,200.0,2.3897054475,1.993272546,3.4070245055,2081659224.3713582,2566645816.1865573,21.456431116687575,21.665865753541265,0.18895735,,,,
173,241,2022-05-26,36S,36S,315.0,Optimal,High,3,S,19.0,NxW_16S_C library,barcode19C,C,13.0,0.13,58.6,5296.7,6117.7,5.2967,6.1177,0.001147842,0.000464515,173.6,200.51,11402.7,13170.1,,100.0,200.0,2.9656769785,1.992495905,3.9822193954999996,888274088.3488411,1069879701.2898844,20.604790911381844,20.790812050398603,0.169743956,,,,
174,232,2022-05-26,6S,6S,116.0,High,High,1,S,10.0,NxW_16S_C library,barcode10C,C,15.0,0.15,58.8,5345.4,6173.9,5.3454,6.1739,0.001147842,0.000464515,174.6,201.67,11507.5,13291.1,,100.0,245.0,3.231749677,1.7547944414999999,4.0105906305,1807099643.7239666,2166575806.4516134,21.314988990214903,21.496413788816707,0.165919033,,,,
175,234,2022-05-26,22S,22S,216.0,High,High,2,S,12.0,NxW_16S_C library,barcode12C,C,15.1,0.151,58.8,5485.9,6336.2,5.4859,6.3362,0.001147842,0.000464515,179.19,206.97,11809.9,13640.5,,100.0,245.0,45.022145987,9.204814861000001,53.251007359999996,1354711230.415792,1673302011.6106384,21.026854154481757,21.23806476364578,0.190396461,,,,
176,235,2022-05-26,35S,35S,316.0,High,High,3,S,13.0,NxW_16S_C library,barcode13C,C,16.0,0.16,57.2,5585.4,6451.2,5.5854,6.4512,0.001147842,0.000464515,187.55,216.62,12024.2,13887.9,,100.0,245.0,2.8446768485,3.1447020495,5.01342541,1461906341.38953,1804243047.3177807,21.103007134244876,21.313406976406547,0.189739795,,,,
177,230,2022-05-26,8S,8S,121.0,Low,Low,1,S,8.0,NxW_16S_C library,barcode08C,C,13.3,0.133,58.9,2857.6,3300.6,2.8576,3.3006,0.001147842,0.000464515,93.18,107.63,6151.9,7105.4,,70.0,20.0,4.3295864,1.5127491335,4.8663820455,671838347.7250447,804770181.7217138,20.325528315569088,20.50606730607877,0.16517987,,,,
178,233,2022-05-26,14S,14S,221.0,Low,Low,2,S,11.0,NxW_16S_C library,barcode11C,C,12.0,0.12,57.9,2510.6,2899.8,2.5106,2.8998,0.001147842,0.000464515,83.28,96.19,5404.9,6242.6,,70.0,20.0,30.820688177,4.8181749709999995,34.66290966,781782790.8622894,936184305.6130189,20.477087498881176,20.657322922764305,0.164926408,,,,
179,225,2022-05-26,30S,30S,321.0,Low,Low,3,S,3.0,NxW_16S_C library,barcode03C,C,13.5,0.135,55.1,1448.5,1673.1,1.4485,1.6731,0.001147842,0.000464515,50.49,58.32,3118.4,3601.7,,70.0,20.0,13.0809353655,2.279582795,14.3845646755,2872943351.9504776,3482113286.348212,21.77860289936333,21.97090521261331,0.174942595,,,,
180,228,2022-05-26,10S,10S,125.0,Optimal,Low,1,S,6.0,NxW_16S_C library,barcode06C,C,11.5,0.115,59.6,2729.3,3152.3,2.7293,3.1523,0.001147842,0.000464515,87.95,101.59,5875.5,6786.2,,70.0,200.0,5.077043205,9.4841332995,13.585223016999999,2575181700.766016,2917490039.8406377,21.66918593197691,21.793989508182786,0.117329737,,,,
181,243,2022-05-26,15S,15S,225.0,Optimal,Low,2,S,21.0,NxW_16S_C library,barcode21C,C,11.6,0.116,58.1,2429.9,2806.6,2.4299,2.8066,0.001147842,0.000464515,80.33,92.78,5231.1,6042.0,,70.0,200.0,3.74947284,5.226429963499999,7.999949316,2101929552.8015697,2777842648.4385467,21.46612159447303,21.74494043764358,0.243323032,,,,
182,231,2022-05-26,28S,28S,325.0,Optimal,Low,3,S,9.0,NxW_16S_C library,barcode09C,C,11.9,0.119,58.1,3428.1,3959.4,3.4281,3.9594,0.001147842,0.000464515,113.32,130.89,7379.9,8523.7,,70.0,200.0,4.012294803,2.0916400705,5.127981386,1702735958.5431871,2107642142.7592824,21.25550218171089,21.46883569171502,0.192113346,,,,
183,224,2022-05-26,9S,9S,126.0,High,Low,1,S,2.0,NxW_16S_C library,barcode02C,C,11.7,0.117,58.4,3344.0,3862.3,3.344,3.8623,0.001147842,0.000464515,109.98,127.02,7198.9,8314.8,,70.0,245.0,5.311554514,6.213700196,10.549301221999999,803312198.1268494,975714474.9039862,20.504253986049104,20.698680555372444,0.176693368,,,,
184,237,2022-05-26,13S,13S,226.0,High,Low,2,S,15.0,NxW_16S_C library,barcode15C,C,12.4,0.124,59.2,3300.4,3812.0,3.3004,3.812,0.001147842,0.000464515,107.08,123.67,7105.1,8206.4,,70.0,245.0,20.119034872,13.131460961,32.274542345,1066392085.1720731,1267363612.2177954,20.787546904794546,20.96020468386697,0.158574481,,,,
185,229,2022-05-26,26S,26S,326.0,High,Low,3,S,7.0,NxW_16S_C library,barcode07C,C,12.7,0.127,59.7,3336.1,3853.2,3.3361,3.8532,0.001147842,0.000464515,107.33,123.96,7181.9,8295.0,,70.0,245.0,4.2281443455000005,6.2688683625,9.5210592195,2551786921.9752,3130400000.0000005,21.660059704419268,21.86442662886048,0.184836787,,,,
186,275,2022-06-22,2S,2S,111.0,Low,High,1,S,53.0,NxW_16S_C library,barcode53C,C,13.6,0.136,57.7,3297.1,3808.2,3.2971,3.8082,0.001147842,0.000464515,109.75,126.76,7098.0,8198.1,,100.0,20.0,3.709611508,3.4971444509999996,6.230802471,1261975024.7203755,1585483628.556092,20.95594381063218,21.18415532616,0.204044115,,,6.82,
187,274,2022-06-22,23S,23S,211.0,Low,High,2,S,52.0,NxW_16S_C library,barcode52C,C,15.7,0.157,56.8,4344.1,5017.5,4.3441,5.0175,0.001147842,0.000464515,146.9,169.66,9352.0,10801.6,,100.0,20.0,3.6266436925,2.738654015,5.3893442195,579918387.8564361,698366306.8106091,20.178397941011724,20.36425431792759,0.16960715,,,3.48,
188,262,2022-06-22,32S,32S,311.0,Low,High,3,S,40.0,NxW_16S_C library,barcode40C,C,13.6,0.136,58.1,3545.0,4094.5,3.545,4.0945,0.001147842,0.000464515,117.19,135.35,7631.6,8814.5,,100.0,20.0,2.1747024450000003,1.742125308,2.940874264,1202922749.831281,1453760412.6370082,20.908020057273017,21.09741942437649,0.172544018,,,7.96,
189,257,2022-06-22,3S,3S,115.0,Optimal,High,1,S,35.0,NxW_16S_C library,barcode35C,C,13.5,0.135,59.0,5874.9,6785.5,5.8749,6.7855,0.001147842,0.000464515,191.25,220.89,12647.4,14607.7,,100.0,200.0,3.290670962,5.1372523615,7.451969835,1618116857.9710705,1900987387.3873878,21.204528876689828,21.36563926570549,0.148801897,,,4.79,
190,261,2022-06-22,20S,20S,215.0,Optimal,High,2,S,39.0,NxW_16S_C library,barcode39C,C,15.0,0.15,57.7,4795.1,5538.3,4.7951,5.5383,0.001147842,0.000464515,159.62,184.36,10322.8,11922.9,,100.0,200.0,4.0308124030000005,2.5120835235000003,5.5669424385,1099672956.229932,1319785365.853659,20.818278660026362,21.000734958697596,0.166778944,,,2.57,
191,254,2022-06-22,36S,36S,315.0,Optimal,High,3,S,32.0,NxW_16S_C library,barcode32C,C,13.0,0.13,58.6,5296.7,6117.7,5.2967,6.1177,0.001147842,0.000464515,173.6,200.51,11402.7,13170.1,,100.0,200.0,3.300063574,5.76109667,8.085206756,1307340717.403908,1530766471.7348928,20.991260924229195,21.149034408829458,0.145956786,,,7.38,
192,276,2022-06-22,6S,6S,116.0,High,High,1,S,54.0,NxW_16S_C library,barcode54C,C,15.0,0.15,58.8,5345.4,6173.9,5.3454,6.1739,0.001147842,0.000464515,174.6,201.67,11507.5,13291.1,,100.0,245.0,2.632688669,1.6145156645,3.2712508455,612962577.1310987,721742645.6735297,20.23381444331116,20.397179186879416,0.150718638,,,6.67,
193,256,2022-06-22,22S,22S,216.0,High,High,2,S,34.0,NxW_16S_C library,barcode34C,C,15.1,0.151,58.8,5485.9,6336.2,5.4859,6.3362,0.001147842,0.000464515,179.19,206.97,11809.9,13640.5,,100.0,245.0,2.3364942795,2.0512928625,3.4118336539999996,1327193717.7095797,1578060653.5947714,21.006332563337427,21.17946249563697,0.158971669,,,2.26,
194,253,2022-06-22,35S,35S,316.0,High,High,3,S,31.0,NxW_16S_C library,barcode31C,C,16.0,0.16,57.2,5585.4,6451.2,5.5854,6.4512,0.001147842,0.000464515,187.55,216.62,12024.2,13887.9,,100.0,245.0,2.4912502355,2.534282565,4.049579312,782206641.4335632,947954022.9885057,20.4776295109599,20.669816560085913,0.17484749,,,4.68,
195,277,2022-06-22,8S,8S,121.0,Low,Low,1,S,55.0,NxW_16S_C library,barcode55C,C,13.3,0.133,58.9,2857.6,3300.6,2.8576,3.3006,0.001147842,0.000464515,93.18,107.63,6151.9,7105.4,,70.0,20.0,4.501194558,2.6529594364999998,6.1782005065,605735493.979559,709616310.0524828,20.221953970167498,20.380234973549616,0.146390119,,,7.58,
196,258,2022-06-22,14S,14S,221.0,Low,Low,2,S,36.0,NxW_16S_C library,barcode36C,C,12.0,0.12,57.9,2510.6,2899.8,2.5106,2.8998,0.001147842,0.000464515,83.28,96.19,5404.9,6242.6,,70.0,20.0,1.955732668,1.2813380305,2.26111721,700029710.2275425,806619711.3402063,20.366633335289198,20.508362877670294,0.132144057,,,7.54,
197,252,2022-06-22,30S,30S,321.0,Low,Low,3,S,30.0,NxW_16S_C library,barcode30C,C,13.5,0.135,55.1,1448.5,1673.1,1.4485,1.6731,0.001147842,0.000464515,50.49,58.32,3118.4,3601.7,,70.0,20.0,2.4223953785,2.2403064510000004,3.6867483419999996,734359729.2345846,849503241.1067193,20.414509560846838,20.560162314380012,0.135542169,,,5.19,
198,259,2022-06-22,15S,15S,225.0,Optimal,Low,2,S,37.0,NxW_16S_C library,barcode37C,C,11.6,0.116,58.1,2429.9,2806.6,2.4299,2.8066,0.001147842,0.000464515,80.33,92.78,5231.1,6042.0,,70.0,200.0,2.9037960485000003,7.610041151499999,9.537883713000001,685727477.554183,807578738.7387388,20.345990843719743,20.509551117581346,0.150884682,,,3.34,
199,273,2022-06-22,28S,28S,325.0,Optimal,Low,3,S,51.0,NxW_16S_C library,barcode51C,C,11.9,0.119,58.1,3428.1,3959.4,3.4281,3.9594,0.001147842,0.000464515,113.32,130.89,7379.9,8523.7,,70.0,200.0,1.9091809215,1.5534085485,2.4866359825,573216683.2739612,675451066.0426415,20.16677435899711,20.33089127164897,0.151357201,,,8.51,
200,260,2022-06-22,9S,9S,126.0,High,Low,1,S,38.0,NxW_16S_C library,barcode38C,C,11.7,0.117,58.4,3344.0,3862.3,3.344,3.8623,0.001147842,0.000464515,109.98,127.02,7198.9,8314.8,,70.0,245.0,2.4645683605,12.3822006795,13.8708155515,1627146706.5892913,1940204967.3202612,21.210093831117806,21.386059457698604,0.16135319,,,8.94,
201,278,2022-06-22,13S,13S,226.0,High,Low,2,S,56.0,NxW_16S_C library,barcode56C,C,12.4,0.124,59.2,3300.4,3812.0,3.3004,3.812,0.001147842,0.000464515,107.08,123.67,7105.1,8206.4,,70.0,245.0,2.4931839225,2.390928046,3.908158481,515345611.16381997,595093623.890234,20.06034832318654,20.204229302207544,0.134009187,,,4.79,
202,255,2022-06-22,26S,26S,326.0,High,Low,3,S,33.0,NxW_16S_C library,barcode33C,C,12.7,0.127,59.7,3336.1,3853.2,3.3361,3.8532,0.001147842,0.000464515,107.33,123.96,7181.9,8295.0,,70.0,245.0,2.2874719590000003,3.8284925805,5.1400110515,480581143.5653549,564721930.5224078,19.990506645302073,20.151844009593614,0.148995076,,,5.55,
203,280,2022-07-20,2S,2S,111.0,Low,High,1,S,58.0,NxW_16S_C library,barcode58C,C,13.6,0.136,57.7,3297.1,3808.2,3.2971,3.8082,0.001147842,0.000464515,109.75,126.76,7098.0,8198.1,,100.0,20.0,2.9120516785,1.57925004,3.5153482305,994292052.700081,1160616382.8061638,20.71754153705914,20.872217065428636,0.143306895,58.1163,98.0,,
204,286,2022-07-20,23S,23S,211.0,Low,High,2,S,64.0,NxW_16S_C library,barcode64C,C,15.7,0.157,56.8,4344.1,5017.5,4.3441,5.0175,0.001147842,0.000464515,146.9,169.66,9352.0,10801.6,,100.0,20.0,2.135474341,3.661454611,4.820975464,667642379.2926489,878677663.2302407,20.31926322780406,20.593928679897427,0.240173721,26.3669,67.0,,
205,291,2022-07-20,32S,32S,311.0,Low,High,3,S,69.0,NxW_16S_C library,barcode69C,C,13.6,0.136,58.1,3545.0,4094.5,3.545,4.0945,0.001147842,0.000464515,117.19,135.35,7631.6,8814.5,,100.0,20.0,1.8723002295,3.2557228325,4.1520695745,1071540981.7446982,1279569421.93409,20.792363619225085,20.969789469172436,0.162576908,21.5256,76.0,,
206,281,2022-07-20,3S,3S,115.0,Optimal,High,1,S,59.0,NxW_16S_C library,barcode59C,C,13.5,0.135,59.0,5874.9,6785.5,5.8749,6.7855,0.001147842,0.000464515,191.25,220.89,12647.4,14607.7,,100.0,200.0,3.67059993,5.8940844265,8.588730868999999,539560460.753001,628490940.1709402,20.106265404507493,20.258832170888198,0.141498427,86.0312,132.0,,
207,287,2022-07-20,20S,20S,215.0,Optimal,High,2,S,65.0,NxW_16S_C library,barcode65C,C,15.0,0.15,57.7,4795.1,5538.3,4.7951,5.5383,0.001147842,0.000464515,159.62,184.36,10322.8,11922.9,,100.0,200.0,4.5438859005,12.776942911,16.344875325,488219647.83013695,570425347.3574861,20.00627596056627,20.161892863940782,0.144112985,53.3171,116.0,,
208,295,2022-07-20,36S,36S,315.0,Optimal,High,3,S,73.0,NxW_16S_C library,barcode73C,C,13.0,0.13,58.6,5296.7,6117.7,5.2967,6.1177,0.001147842,0.000464515,173.6,200.51,11402.7,13170.1,,100.0,200.0,36.960446872000006,19.962988141,55.947481525,480470580.11839217,552705872.8230052,19.99027655685891,20.130336542444535,0.130693912,25.1637,68.0,,
209,282,2022-07-20,6S,6S,116.0,High,High,1,S,60.0,NxW_16S_C library,barcode60C,C,15.0,0.15,58.8,5345.4,6173.9,5.3454,6.1739,0.001147842,0.000464515,174.6,201.67,11507.5,13291.1,,100.0,245.0,3.212464408,5.1834674685,7.419978389,796613791.8742434,928061168.3848798,20.495880541986804,20.648608202786072,0.141636544,88.0693,119.0,,
210,288,2022-07-20,22S,22S,216.0,High,High,2,S,66.0,NxW_16S_C library,barcode66C,C,15.1,0.151,58.8,5485.9,6336.2,5.4859,6.3362,0.001147842,0.000464515,179.19,206.97,11809.9,13640.5,,100.0,245.0,2.822905759,28.638156221,30.485108490000002,543410722.2783535,645284354.8387096,20.113375986595404,20.285201637824787,0.157874016,48.6626,115.0,,
211,296,2022-07-20,35S,35S,316.0,High,High,3,S,74.0,NxW_16S_C library,barcode74C,C,16.0,0.16,57.2,5585.4,6451.2,5.5854,6.4512,0.001147842,0.000464515,187.55,216.62,12024.2,13887.9,,100.0,245.0,2.6352816955000002,13.045081083,14.704409286999999,803629090.8143395,935169579.0200139,20.504648390864983,20.656238438743628,0.140659503,45.4953,99.0,,
212,283,2022-07-20,8S,8S,121.0,Low,Low,1,S,61.0,NxW_16S_C library,barcode61C,C,13.3,0.133,58.9,2857.6,3300.6,2.8576,3.3006,0.001147842,0.000464515,93.18,107.63,6151.9,7105.4,,70.0,20.0,2.320821447,2.6526982940000003,3.9975662525000004,873287809.346353,982023307.3450966,20.587775737990015,20.705125600604386,0.110725985,31.083,74.0,,
213,289,2022-07-20,14S,14S,221.0,Low,Low,2,S,67.0,NxW_16S_C library,barcode67C,C,12.0,0.12,57.9,2510.6,2899.8,2.5106,2.8998,0.001147842,0.000464515,83.28,96.19,5404.9,6242.6,,70.0,20.0,2.4339530705000003,3.5697768409999995,5.027776423,872143727.0259737,953513648.8071961,20.586464792862248,20.6756642973304,0.085336924,50.8879,106.0,,
214,290,2022-07-20,15S,15S,225.0,Optimal,Low,2,S,68.0,NxW_16S_C library,barcode68C,C,11.6,0.116,58.1,2429.9,2806.6,2.4299,2.8066,0.001147842,0.000464515,80.33,92.78,5231.1,6042.0,,70.0,200.0,39.642899407,24.633035316,63.29998123,418334042.6132733,482516402.97498304,19.85179081635051,19.994525473968544,0.133015914,38.1065,89.0,,
215,293,2022-07-20,28S,28S,325.0,Optimal,Low,3,S,71.0,NxW_16S_C library,barcode71C,C,11.9,0.119,58.1,3428.1,3959.4,3.4281,3.9594,0.001147842,0.000464515,113.32,130.89,7379.9,8523.7,,70.0,200.0,2.7485781805,11.597262387999999,13.369887082,348327349.65828705,389673280.4232804,19.668653255533044,19.7808192034812,0.106104095,49.2404,94.0,,
216,284,2022-07-20,9S,9S,126.0,High,Low,1,S,62.0,NxW_16S_C library,barcode62C,C,11.7,0.117,58.4,3344.0,3862.3,3.344,3.8623,0.001147842,0.000464515,109.98,127.02,7198.9,8314.8,,70.0,245.0,32.866759447,6.7747283325,38.665534295,971920616.4372841,1117546817.997568,20.694784688757498,20.834401778874252,0.130308815,41.3626,100.0,,
217,292,2022-07-20,13S,13S,226.0,High,Low,2,S,70.0,NxW_16S_C library,barcode70C,C,12.4,0.124,59.2,3300.4,3812.0,3.3004,3.812,0.001147842,0.000464515,107.08,123.67,7105.1,8206.4,,70.0,245.0,41.908479047,19.124872539000002,60.057398094999996,1042985434.3977126,1138199528.6724274,20.76535304776467,20.852713490034134,0.083653254,53.0028,105.0,,
218,294,2022-07-20,26S,26S,326.0,High,Low,3,S,72.0,NxW_16S_C library,barcode72C,C,12.7,0.127,59.7,3336.1,3853.2,3.3361,3.8532,0.001147842,0.000464515,107.33,123.96,7181.9,8295.0,,70.0,245.0,3.6127473805,9.036516680499998,11.673310572,817553995.6133692,943451324.5033113,20.521827508234463,20.6650553310905,0.133443375,48.0118,101.0,,
219,247,2022-09-01,2S,2S,111.0,Low,High,1,S,25.0,NxW_16S_C library,barcode25C,C,13.6,0.136,57.7,3297.1,3808.2,3.2971,3.8082,0.001147842,0.000464515,109.75,126.76,7098.0,8198.1,,100.0,20.0,8.065000353,1.139389233,8.2284360985,344761152.38537365,418218090.7172996,19.658362423310614,19.85151360255331,0.175642661,,,,
220,269,2022-09-01,23S,23S,211.0,Low,High,2,S,47.0,NxW_16S_C library,barcode47C,C,15.7,0.157,56.8,4344.1,5017.5,4.3441,5.0175,0.001147842,0.000464515,146.9,169.66,9352.0,10801.6,,100.0,20.0,1.0429799195,2.4626650595,2.5296914910000003,1529322561.627576,1879277089.1643343,21.148090704121042,21.35415301279854,0.186217631,,,,
221,267,2022-09-01,32S,32S,311.0,Low,High,3,S,45.0,NxW_16S_C library,barcode45C,C,13.6,0.136,58.1,3545.0,4094.5,3.545,4.0945,0.001147842,0.000464515,117.19,135.35,7631.6,8814.5,,100.0,20.0,7.6024049035,0.897318703,7.5237701185,897972889.051836,1090559714.795009,20.615650435445296,20.809956901203485,0.17659448,,,,
222,249,2022-09-01,3S,3S,115.0,Optimal,High,1,S,27.0,NxW_16S_C library,barcode27C,C,13.5,0.135,59.0,5874.9,6785.5,5.8749,6.7855,0.001147842,0.000464515,191.25,220.89,12647.4,14607.7,,100.0,200.0,7.082079214,1.4155093315,7.521635057499999,1087121809.2808418,1339128306.3560996,20.806799498863196,21.01528472158612,0.188186969,,,,
223,272,2022-09-01,20S,20S,215.0,Optimal,High,2,S,50.0,NxW_16S_C library,barcode50C,C,15.0,0.15,57.7,4795.1,5538.3,4.7951,5.5383,0.001147842,0.000464515,159.62,184.36,10322.8,11922.9,,100.0,200.0,2.496044109,1.9498742150000001,3.469964836,588107432.9017916,710698662.3863026,20.192420198190295,20.381759075688,0.172493964,,,,
224,279,2022-09-01,36S,36S,315.0,Optimal,High,3,S,57.0,NxW_16S_C library,barcode57C,C,13.0,0.13,58.6,5296.7,6117.7,5.2967,6.1177,0.001147842,0.000464515,173.6,200.51,11402.7,13170.1,,100.0,200.0,8.046047324,4.9064801424999995,11.976573976,294637967.64953244,358030483.87096775,19.50125793233609,19.696128691217442,0.177058991,,,,
225,250,2022-09-01,6S,6S,116.0,High,High,1,S,28.0,NxW_16S_C library,barcode28C,C,15.0,0.15,58.8,5345.4,6173.9,5.3454,6.1739,0.001147842,0.000464515,174.6,201.67,11507.5,13291.1,,100.0,245.0,8.0931654235,1.1018612645,8.2190732,1077150134.987785,1287338762.2149837,20.797584626508097,20.97584294942875,0.16327375,,,,
226,265,2022-09-01,22S,22S,216.0,High,High,2,S,43.0,NxW_16S_C library,barcode43C,C,15.1,0.151,58.8,5485.9,6336.2,5.4859,6.3362,0.001147842,0.000464515,179.19,206.97,11809.9,13640.5,,100.0,245.0,1.178392337,2.699746478,2.9021853269999998,722307496.4897171,870144671.5726357,20.39796150160451,20.58417004495234,0.169899535,,,,
227,270,2022-09-01,35S,35S,316.0,High,High,3,S,48.0,NxW_16S_C library,barcode48C,C,16.0,0.16,57.2,5585.4,6451.2,5.5854,6.4512,0.001147842,0.000464515,187.55,216.62,12024.2,13887.9,,100.0,245.0,5.4671568645,1.397149294,5.8883526705,498982978.84962106,580484912.2807018,20.028082542612214,20.179374367861268,0.14040319,,,,
228,251,2022-09-01,8S,8S,121.0,Low,Low,1,S,29.0,NxW_16S_C library,barcode29C,C,13.3,0.133,58.9,2857.6,3300.6,2.8576,3.3006,0.001147842,0.000464515,93.18,107.63,6151.9,7105.4,,70.0,20.0,7.876824663500001,1.1229466165000002,8.023817792,570637754.6590818,690738273.6156352,20.162265161149715,20.35327154531626,0.173872686,,,,
229,263,2022-09-01,14S,14S,221.0,Low,Low,2,S,41.0,NxW_16S_C library,barcode41C,C,12.0,0.12,57.9,2510.6,2899.8,2.5106,2.8998,0.001147842,0.000464515,83.28,96.19,5404.9,6242.6,,70.0,20.0,11.0310840195,1.4180563345000001,11.473186864,1844382866.3156724,2131963888.888889,21.335410568682907,21.48030940543719,0.134890194,,,,
230,268,2022-09-01,30S,30S,321.0,Low,Low,3,S,46.0,NxW_16S_C library,barcode46C,C,13.5,0.135,55.1,1448.5,1673.1,1.4485,1.6731,0.001147842,0.000464515,50.49,58.32,3118.4,3601.7,,70.0,20.0,6.6769562925,0.915931012,6.6169338165,1018753590.4888976,1188105610.561056,20.741845746919417,20.895625951714358,0.142539534,,,,
231,271,2022-09-01,10S,10S,125.0,Optimal,Low,1,S,49.0,NxW_16S_C library,barcode49C,C,11.5,0.115,59.6,2729.3,3152.3,2.7293,3.1523,0.001147842,0.000464515,87.95,101.59,5875.5,6786.2,,70.0,200.0,34.285207337,16.219436252,49.528690095,709956415.9047043,833639130.4347826,20.380714140065724,20.541311169362118,0.148364814,,,,
232,264,2022-09-01,15S,15S,225.0,Optimal,Low,2,S,42.0,NxW_16S_C library,barcode42C,C,11.6,0.116,58.1,2429.9,2806.6,2.4299,2.8066,0.001147842,0.000464515,80.33,92.78,5231.1,6042.0,,70.0,200.0,2.039766042,2.4117265765,3.4755391309999997,1064032593.3354797,1254720654.396728,20.785331860230787,20.950178798616122,0.151976506,,,,
233,248,2022-09-01,9S,9S,126.0,High,Low,1,S,26.0,NxW_16S_C library,barcode26C,C,11.7,0.117,58.4,3344.0,3862.3,3.344,3.8623,0.001147842,0.000464515,109.98,127.02,7198.9,8314.8,,70.0,245.0,8.463212157000001,4.283773119,11.771031788,1327897799.960443,1482411392.4050632,21.006862927178133,21.116935918014544,0.10423125,,,,
234,266,2022-09-01,26S,26S,326.0,High,Low,3,S,44.0,NxW_16S_C library,barcode44C,C,12.7,0.127,59.7,3336.1,3853.2,3.3361,3.8532,0.001147842,0.000464515,107.33,123.96,7181.9,8295.0,,70.0,245.0,18.265665302000002,16.895701548,34.18541336,670829629.953662,772020608.4142396,20.324025758007675,20.464521802469847,0.131072898,,,,
235,297,2022-09-27,8S,8S,121.0,Low,Low,1,S,75.0,NxW_16S_C library,barcode75C,C,13.3,0.133,58.9,2857.6,3300.6,2.8576,3.3006,0.001147842,0.000464515,93.18,107.63,6151.9,7105.4,,70.0,20.0,1.8895334335,1.1185784455,2.0321583910000003,1158221826.7346525,1338884210.5263157,20.870151757971804,21.015102425328042,0.134935032,212.0383375,155.0,,306.464
236,300,2022-09-27,14S,14S,221.0,Low,Low,2,S,78.0,NxW_16S_C library,barcode78C,C,12.0,0.12,57.9,2510.6,2899.8,2.5106,2.8998,0.001147842,0.000464515,83.28,96.19,5404.9,6242.6,,70.0,20.0,1.5913046715,3.2915656999999996,3.906916883,1869308553.4959877,2339419457.7352476,21.348834441946973,21.57316864055043,0.200951951,182.9184876,148.0,,281.197
237,303,2022-09-27,30S,30S,321.0,Low,Low,3,S,81.0,NxW_16S_C library,barcode81C,C,13.5,0.135,55.1,1448.5,1673.1,1.4485,1.6731,0.001147842,0.000464515,50.49,58.32,3118.4,3601.7,,70.0,20.0,1.567338031,0.836010088,1.427394631,1069485148.4747366,1265105263.1578944,20.790443199971183,20.958421167646495,0.15462754,204.1340581,138.0,,226.432
238,298,2022-09-27,10S,10S,125.0,Optimal,Low,1,S,76.0,NxW_16S_C library,barcode76C,C,11.5,0.115,59.6,2729.3,3152.3,2.7293,3.1523,0.001147842,0.000464515,87.95,101.59,5875.5,6786.2,,70.0,200.0,1.5159792485,5.2378789255,5.777904685999999,1623407845.7558162,1868891156.462585,21.20779338519566,21.348611127481444,0.131352385,188.9064551,172.0,,241.566
239,301,2022-09-27,15S,15S,225.0,Optimal,Low,2,S,79.0,NxW_16S_C library,barcode79C,C,11.6,0.116,58.1,2429.9,2806.6,2.4299,2.8066,0.001147842,0.000464515,80.33,92.78,5231.1,6042.0,,70.0,200.0,2.432746889,4.2501413715,5.7069347725,540062600.8632272,675882509.8679732,20.107195618328014,20.33152981693147,0.200951951,305.4102931,198.0,,265.356
240,304,2022-09-27,28S,28S,325.0,Optimal,Low,3,S,82.0,NxW_16S_C library,barcode82C,C,11.9,0.119,58.1,3428.1,3959.4,3.4281,3.9594,0.001147842,0.000464515,113.32,130.89,7379.9,8523.7,,70.0,200.0,4.4063496995,5.108488435,8.5388846465,844071242.9518683,999923046.7216334,20.553747460078228,20.72318888070699,0.155863798,271.6805601,196.0,,340.55
241,299,2022-09-27,9S,9S,126.0,High,Low,1,S,77.0,NxW_16S_C library,barcode77C,C,11.7,0.117,58.4,3344.0,3862.3,3.344,3.8623,0.001147842,0.000464515,109.98,127.02,7198.9,8314.8,,70.0,245.0,1.6749343155,8.6030427835,9.3020236115,780240243.9381168,977489230.7692306,20.475112435272962,20.70049783264723,0.201791468,208.2694878,189.0,,345.06
242,302,2022-09-27,13S,13S,226.0,High,Low,2,S,80.0,NxW_16S_C library,barcode80C,C,12.4,0.124,59.2,3300.4,3812.0,3.3004,3.812,0.001147842,0.000464515,107.08,123.67,7105.1,8206.4,,70.0,245.0,1.2951233370000002,4.498538401,4.81770825,1011778722.5217272,1163487036.2983646,20.734975730268836,20.874687398657752,0.130391065,244.6665578,201.0,,234.011
243,305,2022-09-27,26S,26S,326.0,High,Low,3,S,83.0,NxW_16S_C library,barcode83C,C,12.7,0.127,59.7,3336.1,3853.2,3.3361,3.8532,0.001147842,0.000464515,107.33,123.96,7181.9,8295.0,,70.0,245.0,1.659060902,6.2128997539999995,6.896007168000001,2161753704.8402286,2445910204.0816326,21.49418562961865,21.617683162205395,0.116176178,262.220517,199.0,,270.075
