,Sample date,Water,Nitrogen,Block,Plot_x,Direction,Sample name,Conc (copies / g soil FW),Experiment,Year,Sampling,Plot_y,Trt,GWC,Conc (copies / g soil DW),qPCR_DW,qPCR_FW,qPCR_DW_log,qPCR_FW_log
0,2021-06-15,1,1,1,2N,N,193.0,783492510.5206034,NxWater,2021,2,2,11,0.164839595,654341922.4008539,654341922.4008539,783492510.5206034,20.299140589926903,20.479272060710965
1,2021-06-15,1,1,1,2S,S,205.0,515213188.0768072,NxWater,2021,2,2,11,0.164839595,430285654.8155675,430285654.8155675,515213188.0768072,19.8799598596179,20.060091330401963
2,2021-06-15,1,1,2,23N,N,221.0,1079435210.163083,NxWater,2021,2,23,11,0.164439262,901933680.8270508,901933680.8270508,1079435210.163083,20.62005155074185,20.799703787741937
3,2021-06-15,1,1,2,23S,S,212.0,852244786.8165334,NxWater,2021,2,23,11,0.164439262,712102283.0290754,712102283.0290754,852244786.8165334,20.383732114998438,20.563384351998526
4,2021-06-15,1,1,3,32N,N,195.0,770097874.4724574,NxWater,2021,2,32,11,0.186546201,626439041.5914457,626439041.5914457,770097874.4724574,20.255562027632607,20.46202817443874
5,2021-06-15,1,1,3,32S,S,220.0,1081052947.4581943,NxWater,2021,2,32,11,0.186546201,879386627.0300156,879386627.0300156,1081052947.4581943,20.594735207670197,20.801201354476333
6,2021-06-15,1,5,1,3N,N,201.0,1007542761.5781302,NxWater,2021,2,3,15,0.171877888,834368439.6483936,834368439.6483936,1007542761.5781302,20.54218563692829,20.73078029413815
7,2021-06-15,1,5,2,20N,N,208.0,439570346.88126,NxWater,2021,2,20,15,0.181484789,359795015.2268577,359795015.2268577,439570346.88126,19.701045025095848,19.90130832344436
8,2021-06-15,1,5,2,20S,S,217.0,729946572.8744469,NxWater,2021,2,20,15,0.181484789,597472373.1150547,597472373.1150547,729946572.8744469,20.208218603236613,20.408481901585127
9,2021-06-15,1,5,3,36N,N,191.0,330122413.23499894,NxWater,2021,2,36,15,0.157618213,278089108.3896509,278089108.3896509,330122413.23499894,19.44345215407066,19.614974092837123
10,2021-06-15,1,5,3,36S,S,197.0,226745181.787783,NxWater,2021,2,36,15,0.157618213,191006011.4280325,191006011.4280325,226745181.787783,19.067815458960823,19.239337397727287
11,2021-06-15,1,6,1,6N,N,202.0,513066681.6604841,NxWater,2021,2,6,16,0.175738264,422901233.70922995,422901233.70922995,513066681.6604841,19.862649219698405,20.055916378431522
12,2021-06-15,1,6,1,6S,S,201.0,979920742.8974574,NxWater,2021,2,6,16,0.175738264,807711172.6830678,807711172.6830678,979920742.8974574,20.509715093030817,20.702982251763935
13,2021-06-15,1,6,2,22N,N,206.0,506113520.3443169,NxWater,2021,2,22,16,0.185875006,412039666.71363586,412039666.71363586,506113520.3443169,19.836630181110486,20.04227155059593
14,2021-06-15,1,6,2,22S,S,204.0,393129081.8255895,NxWater,2021,2,22,16,0.185875006,320056211.38248354,320056211.38248354,393129081.8255895,19.584007198901794,19.789648568387243
15,2021-06-15,1,6,3,35N,N,209.0,685768416.5759451,NxWater,2021,2,35,16,0.18375386,559755822.9640273,559755822.9640273,685768416.5759451,20.143011216183183,20.3460505435292
16,2021-06-15,1,6,3,35S,S,190.0,496391670.56777894,NxWater,2021,2,35,16,0.18375386,405177785.0291012,405177785.0291012,496391670.56777894,19.819836504129807,20.022875831475822
17,2021-06-15,2,1,1,8S,S,213.0,1356660874.0702376,NxWater,2021,2,8,21,0.196775754,1089702907.6527677,1089702907.6527677,1356660874.0702376,20.8091709342493,21.02829227799659
18,2021-06-15,2,1,2,14N,N,200.0,633527673.8491321,NxWater,2021,2,14,21,0.17207393,524514077.24615365,524514077.24615365,633527673.8491321,20.077982824803954,20.266814240826804
19,2021-06-15,2,1,2,14S,S,218.0,439474210.62413394,NxWater,2021,2,14,21,0.17207393,363852156.06839144,363852156.06839144,439474210.62413394,19.712258178446536,19.901089594469386
20,2021-06-15,2,1,3,30N,N,192.0,511356184.8913249,NxWater,2021,2,30,21,0.161872933,428581459.43527585,428581459.43527585,511356184.8913249,19.875991381634282,20.05257694036428
21,2021-06-15,2,1,3,30S,S,194.0,715937654.5092353,NxWater,2021,2,30,21,0.161872933,600046726.5286847,600046726.5286847,715937654.5092353,20.21251808769593,20.389103646425927
22,2021-06-15,2,5,1,10N,N,211.0,2400101748.357919,NxWater,2021,2,10,25,0.177882448,1973165773.9109325,1973165773.9109325,2400101748.357919,21.40290508169954,21.598776968550794
23,2021-06-15,2,5,1,10S,S,210.0,1245216919.1426942,NxWater,2021,2,10,25,0.177882448,1023714685.2745738,1023714685.2745738,1245216919.1426942,20.746703697078278,20.942575583929536
24,2021-06-15,2,5,2,15N,N,215.0,481510082.85222244,NxWater,2021,2,15,25,0.16973254,399782153.45410424,399782153.45410424,481510082.85222244,19.806430340350158,19.992437729486262
25,2021-06-15,2,5,2,15S,S,222.0,2202809374.308363,NxWater,2021,2,15,25,0.16973254,1828920944.0711937,1828920944.0711937,2202809374.308363,21.326991981840436,21.51299937097654
26,2021-06-15,2,5,3,28N,N,188.0,1429608541.199977,NxWater,2021,2,28,25,0.197993755,1146554977.9477215,1146554977.9477215,1429608541.199977,20.860027611967066,21.08066649632996
27,2021-06-15,2,5,3,28S,S,189.0,1518253815.4451954,NxWater,2021,2,28,25,0.197993755,1217649041.4821243,1217649041.4821243,1518253815.4451954,20.920187821430538,21.140826705793433
28,2021-06-15,2,6,1,9N,N,216.0,1074670382.4154913,NxWater,2021,2,9,26,0.176724114,884750211.2410724,884750211.2410724,1074670382.4154913,20.60081591594774,20.79527983049936
29,2021-06-15,2,6,1,9S,S,187.0,1583981008.5344646,NxWater,2021,2,9,26,0.176724114,1304053368.208385,1304053368.208385,1583981008.5344646,20.988743226153577,21.183207140705196
30,2021-06-15,2,6,2,13N,N,196.0,717859358.5310146,NxWater,2021,2,13,26,0.181689229,587432045.1490799,587432045.1490799,717859358.5310146,20.191271129461196,20.391784228342342
31,2021-06-15,2,6,2,13S,S,214.0,1059549638.8621607,NxWater,2021,2,13,26,0.181689229,867040881.8900661,867040881.8900661,1059549638.8621607,20.580596686908876,20.78110978579002
32,2021-06-15,2,6,3,26N,N,219.0,1105436692.3148398,NxWater,2021,2,26,26,0.178981522,907583950.6496842,907583950.6496842,1105436692.3148398,20.626296627427674,20.823506290511506
33,2021-06-15,2,6,3,26S,S,207.0,720310116.7811258,NxWater,2021,2,26,26,0.178981522,591387915.7676421,591387915.7676421,720310116.7811258,20.197982731909843,20.395192394993675
34,2021-06-30,1,1,1,2N,N,148.0,710476586.2002507,NxWater,2021,3,2,11,0.207694959,562914180.7589297,562914180.7589297,710476586.2002507,20.14863774244049,20.381446550982716
35,2021-06-30,1,1,1,2S,S,138.0,589638831.2125757,NxWater,2021,3,2,11,0.207694959,467173818.33907187,467173818.33907187,589638831.2125757,19.962211948394046,20.195020756936273
36,2021-06-30,1,1,2,23N,N,155.0,531254887.970307,NxWater,2021,3,23,11,0.153751458,449573674.37524563,449573674.37524563,531254887.970307,19.923810301393594,20.090752479045857
37,2021-06-30,1,1,2,23S,S,164.0,737905694.0516928,NxWater,2021,3,23,11,0.153751458,624451617.7247431,624451617.7247431,737905694.0516928,20.252384410909364,20.419326588561628
38,2021-06-30,1,1,3,32S,S,174.0,986779093.9709711,NxWater,2021,3,32,11,0.12320278,865205166.3478663,865205166.3478663,986779093.9709711,20.5784772233012,20.70995675671505
39,2021-06-30,1,5,1,3N,N,156.0,682025340.4256793,NxWater,2021,3,3,15,0.131833647,592111452.4509455,592111452.4509455,682025340.4256793,20.199205439404032,20.34057737116685
40,2021-06-30,1,5,1,3S,S,139.0,1004013963.4892938,NxWater,2021,3,3,15,0.131833647,871651141.0435754,871651141.0435754,1004013963.4892938,20.585899834214278,20.727271765977097
41,2021-06-30,1,5,2,20N,N,152.0,963127505.418422,NxWater,2021,3,20,15,0.119273352,848252059.4437686,848252059.4437686,963127505.418422,20.558688389499252,20.685696365378213
42,2021-06-30,1,5,2,20S,S,147.0,889162524.5365431,NxWater,2021,3,20,15,0.119273352,783109129.7622874,783109129.7622874,889162524.5365431,20.478782618141633,20.605790594020597
43,2021-06-30,1,6,1,6N,N,142.0,766597976.7977399,NxWater,2021,3,6,16,0.104172432,686739601.1884397,686739601.1884397,766597976.7977399,20.347465740762313,20.457473071718283
44,2021-06-30,1,6,1,6S,S,166.0,1030505272.7042593,NxWater,2021,3,6,16,0.104172432,923155032.2578334,923155032.2578334,1030505272.7042593,20.64330774397227,20.75331507492824
45,2021-06-30,1,6,2,22N,N,157.0,796329532.9275883,NxWater,2021,3,22,16,0.111216487,707764559.7810311,707764559.7810311,796329532.9275883,20.377622053671256,20.495523644229994
46,2021-06-30,1,6,2,22S,S,165.0,511346976.8948533,NxWater,2021,3,22,16,0.111216487,454476762.4865376,454476762.4865376,511346976.8948533,19.934657342632363,20.0525589331911
47,2021-06-30,1,6,3,35N,N,176.0,1293625009.394889,NxWater,2021,3,35,16,0.110029302,1151288352.561426,1151288352.561426,1293625009.394889,20.864147458821613,20.98071419921506
48,2021-06-30,1,6,3,35S,S,159.0,881991859.0160887,NxWater,2021,3,35,16,0.110029302,784946910.398866,784946910.398866,881991859.0160887,20.48112664339453,20.597693383787977
49,2021-06-30,2,1,1,8N,N,162.0,388735681.4767017,NxWater,2021,3,8,21,0.113448241,344634302.1992336,344634302.1992336,388735681.4767017,19.657994419179666,19.778410188565122
50,2021-06-30,2,1,1,8S,S,161.0,314249392.4806997,NxWater,2021,3,8,21,0.113448241,278598351.6684457,278598351.6684457,314249392.4806997,19.445281702811666,19.565697472197122
51,2021-06-30,2,1,2,14N,N,160.0,401514696.63833046,NxWater,2021,3,14,21,0.142784797,344184502.1863099,344184502.1863099,401514696.63833046,19.656688415121724,19.810754695010758
52,2021-06-30,2,1,2,14S,S,168.0,158011750.3961233,NxWater,2021,3,14,21,0.142784797,135450074.69219816,135450074.69219816,158011750.3961233,18.724113677932642,18.878179957821676
53,2021-06-30,2,1,3,30N,N,158.0,903093618.1351764,NxWater,2021,3,30,21,0.143868278,773167094.421279,773167094.421279,903093618.1351764,20.46600574673801,20.621336780575724
54,2021-06-30,2,1,3,30S,S,151.0,947171525.78158,NxWater,2021,3,30,21,0.143868278,810903589.3967514,810903589.3967514,947171525.78158,20.51365972634074,20.668990760178456
55,2021-06-30,2,5,1,10N,N,169.0,197459007.36562404,NxWater,2021,3,10,25,0.123325711,173107234.8889042,173107234.8889042,197459007.36562404,18.969421815280544,19.10104156311997
56,2021-06-30,2,5,1,10S,S,167.0,1103210623.705564,NxWater,2021,3,10,25,0.123325711,967156389.1543219,967156389.1543219,1103210623.705564,20.689870766457464,20.821490514296894
57,2021-06-30,2,5,2,15N,N,146.0,1574514289.5635626,NxWater,2021,3,15,25,0.175673919,1297913193.7944307,1297913193.7944307,1574514289.5635626,20.98402357610014,21.17721267408409
58,2021-06-30,2,5,2,15S,S,153.0,1187116832.544057,NxWater,2021,3,15,25,0.175673919,978571366.2601756,978571366.2601756,1187116832.544057,20.701604276489498,20.894793374473444
59,2021-06-30,2,5,3,28N,N,154.0,1356408797.4021525,NxWater,2021,3,28,25,0.109704641,1207604457.2339077,1207604457.2339077,1356408797.4021525,20.911904446775495,21.028106454041197
60,2021-06-30,2,5,3,28S,S,172.0,617368129.6518997,NxWater,2021,3,28,25,0.109704641,549639980.6235965,549639980.6235965,617368129.6518997,20.12477404117495,20.240976048440647
61,2021-06-30,2,6,1,9N,N,149.0,2173202461.2511573,NxWater,2021,3,9,26,0.161341544,1822574620.7282953,1822574620.7282953,2173202461.2511573,21.323515965167086,21.49946770518801
62,2021-06-30,2,6,1,9S,S,171.0,1206138248.7508333,NxWater,2021,3,9,26,0.161341544,1011538041.4199177,1011538041.4199177,1206138248.7508333,20.734737822782243,20.910689562803167
63,2021-06-30,2,6,2,13N,N,141.0,790007902.8972553,NxWater,2021,3,13,26,0.140044612,679371552.6590755,679371552.6590755,790007902.8972553,20.336678741544006,20.487553507042715
64,2021-06-30,2,6,2,13S,S,150.0,1052257249.6435647,NxWater,2021,3,13,26,0.140044612,904894291.3930445,904894291.3930445,1052257249.6435647,20.623328689751396,20.77420345525011
65,2021-06-30,2,6,3,26N,N,163.0,646078176.7492594,NxWater,2021,3,26,26,0.09098852,587292479.6425458,587292479.6425458,646078176.7492594,20.191033515443195,20.286431071064673
66,2021-06-30,2,6,3,26S,S,175.0,908798367.8757861,NxWater,2021,3,26,26,0.09098852,826108149.4043528,826108149.4043528,908798367.8757861,20.53223625439674,20.62763381001822
67,2021-07-27,1,1,1,2N,N,24.0,2926512004.246643,NxWater,2021,5,2,11,0.194839265,2356312556.32555,2356312556.32555,2926512004.246643,21.580363757911854,21.797077108599538
68,2021-07-27,1,1,1,2S,S,16.0,851299654.1340722,NxWater,2021,5,2,11,0.194839265,685433055.2278353,685433055.2278353,851299654.1340722,20.345561393886797,20.56227474457448
69,2021-07-27,1,1,2,23N,N,28.0,853490949.4600394,NxWater,2021,5,23,11,0.207121133,676714937.0026302,676714937.0026302,853490949.4600394,20.33276067425961,20.56484549611213
70,2021-07-27,1,1,2,23S,S,20.0,2543062638.332979,NxWater,2021,5,23,11,0.207121133,2016340623.3914833,2016340623.3914833,2543062638.332979,21.424550132899014,21.65663495475153
71,2021-07-27,1,1,3,32N,N,6.0,1094005222.9250853,NxWater,2021,5,32,11,0.200980199,874131835.5145624,874131835.5145624,1094005222.9250853,20.58874176379421,20.813111315089362
72,2021-07-27,1,1,3,32S,S,30.0,1460706383.8036802,NxWater,2021,5,32,11,0.200980199,1167133324.1062462,1167133324.1062462,1460706383.8036802,20.877816428889226,21.10218598018438
73,2021-07-27,1,5,1,3N,N,45.0,3012574785.2965965,NxWater,2021,5,3,15,0.188738345,2443986406.1309867,2443986406.1309867,3012574785.2965965,21.61689631610076,21.82606096044977
74,2021-07-27,1,5,1,3S,S,38.0,1896496390.998283,NxWater,2021,5,3,15,0.188738345,1538554800.8627942,1538554800.8627942,1896496390.998283,21.15410937176233,21.36327401611134
75,2021-07-27,1,5,2,20N,N,41.0,2172741423.486009,NxWater,2021,5,20,15,0.245579091,1639161559.728269,1639161559.728269,2172741423.486009,21.217450703984582,21.49925553596581
76,2021-07-27,1,5,2,20S,S,50.0,1959646246.3945453,NxWater,2021,5,20,15,0.245579091,1478398102.5234108,1478398102.5234108,1959646246.3945453,21.114224975384563,21.39602980736579
77,2021-07-27,1,5,3,36N,N,33.0,1783978010.846169,NxWater,2021,5,36,15,0.18202513,1459249181.5047538,1459249181.5047538,1783978010.846169,21.1011878811467,21.30211154526939
78,2021-07-27,1,5,3,36S,S,21.0,975458661.9959358,NxWater,2021,5,36,15,0.18202513,797900672.2364995,797900672.2364995,975458661.9959358,20.49749467678536,20.698418340908052
79,2021-07-27,1,6,1,6N,N,179.0,706795593.4779887,NxWater,2021,5,6,16,0.203306896,563099175.2615011,563099175.2615011,706795593.4779887,20.14896632558428,20.37625206392234
80,2021-07-27,1,6,1,6S,S,56.0,2531154474.4354277,NxWater,2021,5,6,16,0.203306896,2016553314.9414496,2016553314.9414496,2531154474.4354277,21.424655611274304,21.65194134961236
81,2021-07-27,1,6,2,22N,N,46.0,2682381840.506877,NxWater,2021,5,22,16,0.201345975,2142295053.5077255,2142295053.5077255,2682381840.506877,21.48514354622139,21.709970983225677
82,2021-07-27,1,6,2,22S,S,48.0,2810803493.4796934,NxWater,2021,5,22,16,0.201345975,2244859523.5516186,2244859523.5516186,2810803493.4796934,21.531908783154623,21.756736220158906
83,2021-07-27,1,6,3,35N,N,58.0,1408706507.6344304,NxWater,2021,5,35,16,0.207775967,1116011150.7914937,1116011150.7914937,1408706507.6344304,20.833026692604264,21.06593774982264
84,2021-07-27,1,6,3,35S,S,178.0,388032719.7788755,NxWater,2021,5,35,16,0.207775967,307408846.19917965,307408846.19917965,388032719.7788755,19.543689166140652,19.77660022335903
85,2021-07-27,2,1,1,8N,N,15.0,949105195.5901023,NxWater,2021,5,8,21,0.064062359,888303277.8214439,888303277.8214439,949105195.5901023,20.604823771726867,20.67103019931406
86,2021-07-27,2,1,1,8S,S,23.0,1408371083.495789,NxWater,2021,5,8,21,0.064062359,1318147509.5396628,1318147509.5396628,1408371083.495789,20.999493185990083,21.065699613577276
87,2021-07-27,2,1,2,14N,N,22.0,1262016467.1318266,NxWater,2021,5,14,21,0.065274794,1179638602.2151887,1179638602.2151887,1262016467.1318266,20.8884739592048,20.955976649420734
88,2021-07-27,2,1,2,14S,S,29.0,1007982609.402037,NxWater,2021,5,14,21,0.065274794,942186752.2177366,942186752.2177366,1007982609.402037,20.66371406365348,20.731216753869415
89,2021-07-27,2,1,3,30N,N,19.0,1783051699.9566367,NxWater,2021,5,30,21,0.044259734,1704134306.008308,1704134306.008308,1783051699.9566367,21.256323080327547,21.30159217145675
90,2021-07-27,2,1,3,30S,S,26.0,1674812570.575449,NxWater,2021,5,30,21,0.044259734,1600685811.7019234,1600685811.7019234,1674812570.575449,21.193698006669262,21.23896709779846
91,2021-07-27,2,5,1,10N,N,34.0,4399037182.061125,NxWater,2021,5,10,25,0.074139898,4072893014.0849056,4072893014.0849056,4399037182.061125,22.127619398163578,22.20465153166671
92,2021-07-27,2,5,1,10S,S,40.0,3936193991.8023086,NxWater,2021,5,10,25,0.074139898,3644364970.741873,3644364970.741873,3936193991.8023086,22.016447967953887,22.093480101457015
93,2021-07-27,2,5,2,15N,N,2.0,4822155770.990932,NxWater,2021,5,15,25,0.085092661,4411825704.680807,4411825704.680807,4822155770.990932,22.20755443272524,22.29648692041235
94,2021-07-27,2,5,2,15S,S,42.0,2636578068.01753,NxWater,2021,5,15,25,0.085092661,2412224624.275679,2412224624.275679,2636578068.01753,21.60381523928438,21.69274772697149
95,2021-07-27,2,5,3,28N,N,39.0,2447281678.3540716,NxWater,2021,5,28,25,0.081808396,2247073489.687737,2247073489.687737,2447281678.3540716,21.53289453530581,21.61824372649198
96,2021-07-27,2,5,3,28S,S,32.0,936362506.9275249,NxWater,2021,5,28,25,0.081808396,859760192.1612452,859760192.1612452,936362506.9275249,20.57216406200283,20.657513253189
97,2021-07-27,2,6,1,9S,S,44.0,4095987502.0146856,NxWater,2021,5,9,26,0.091111635,3722795383.766562,3722795383.766562,4095987502.0146856,22.03774067028542,22.133273673413015
98,2021-07-27,2,6,2,13N,N,47.0,2175757203.826992,NxWater,2021,5,13,26,0.028116028,2114583553.3629906,2114583553.3629906,2175757203.826992,21.47212372857379,21.50064258059107
99,2021-07-27,2,6,2,13S,S,57.0,2577783671.801879,NxWater,2021,5,13,26,0.028116028,2505306633.9075546,2505306633.9075546,2577783671.801879,21.641676972737432,21.67019582475471
100,2021-07-27,2,6,3,26N,N,43.0,2384947581.500323,NxWater,2021,5,26,26,0.075995466,2203702378.6586328,2203702378.6586328,2384947581.500323,21.513404682212528,21.592442982638612
101,2021-07-27,2,6,3,26S,S,36.0,2141004660.1660085,NxWater,2021,5,26,26,0.075995466,1978298013.308521,1978298013.308521,2141004660.1660085,21.405502722756054,21.48454102318214
102,2021-08-10,1,1,1,2N,N,94.0,1516601272.6857307,NxWater,2021,6,2,11,0.186824709,1233262681.2471893,1233262681.2471893,1516601272.6857307,20.932929080812354,21.139737663401093
103,2021-08-10,1,1,1,2S,S,98.0,2277687252.6619806,NxWater,2021,6,2,11,0.186824709,1852158994.4903965,1852158994.4903965,2277687252.6619806,21.339617819642285,21.546426402231027
104,2021-08-10,1,1,2,23N,N,130.0,1498422187.5173905,NxWater,2021,6,23,11,0.196066807,1204631333.6729004,1204631333.6729004,1498422187.5173905,20.90943940991823,21.127678516457422
105,2021-08-10,1,1,2,23S,S,115.0,1634023836.5672488,NxWater,2021,6,23,11,0.196066807,1313646000.3696184,1313646000.3696184,1634023836.5672488,20.996072314601083,21.214311421140273
106,2021-08-10,1,1,3,32N,N,125.0,1319281240.427711,NxWater,2021,6,32,11,0.189782227,1068905108.5800176,1068905108.5800176,1319281240.427711,20.789900698519887,21.000352910415163
107,2021-08-10,1,1,3,32S,S,137.0,759217029.0333663,NxWater,2021,6,32,11,0.189782227,615131130.4870903,615131130.4870903,759217029.0333663,20.237346023346785,20.44779823524206
108,2021-08-10,1,5,1,3N,N,95.0,3883367023.119075,NxWater,2021,6,3,15,0.183369988,3171274058.690134,3171274058.690134,3883367023.119075,21.877399255349623,22.079968403733687
109,2021-08-10,1,5,1,3S,S,99.0,2448791404.4169073,NxWater,2021,6,3,15,0.183369988,1999756553.9744759,1999756553.9744759,2448791404.4169073,21.416291287084746,21.61886043546881
110,2021-08-10,1,5,2,20N,N,129.0,2785837884.964184,NxWater,2021,6,20,15,0.20637668,2210905911.2470536,2210905911.2470536,2785837884.964184,21.516668183075467,21.747814521438027
111,2021-08-10,1,5,2,20S,S,118.0,1351019295.9436321,NxWater,2021,6,20,15,0.20637668,1072200419.0308479,1072200419.0308479,1351019295.9436321,20.792978840171706,21.02412517853427
112,2021-08-10,1,5,3,36N,N,134.0,1162741993.1675332,NxWater,2021,6,36,15,0.177972081,955806380.9774194,955806380.9774194,1162741993.1675332,20.678065920145286,20.874046839927836
113,2021-08-10,1,5,3,36S,S,122.0,1768685198.9212236,NxWater,2021,6,36,15,0.177972081,1453908613.4353144,1453908613.4353144,1768685198.9212236,21.09752136224982,21.29350228203237
114,2021-08-10,1,6,1,6N,N,96.0,2424106485.046177,NxWater,2021,6,6,16,0.189752253,1964126817.9967542,1964126817.9967542,2424106485.046177,21.398313616075495,21.608728833663104
115,2021-08-10,1,6,1,6S,S,93.0,3053064952.194509,NxWater,2021,6,6,16,0.189752253,2473738998.9602637,2473738998.9602637,3053064952.194509,21.628996607760605,21.839411825348215
116,2021-08-10,1,6,2,22N,N,120.0,1300780026.2961233,NxWater,2021,6,22,16,0.181492222,1064698568.9904214,1064698568.9904214,1300780026.2961233,20.78595756223436,20.986229941701527
117,2021-08-10,1,6,2,22S,S,116.0,1095602825.0781727,NxWater,2021,6,22,16,0.181492222,896759433.9252578,896759433.9252578,1095602825.0781727,20.61429819444986,20.814570573917024
118,2021-08-10,1,6,3,35N,N,135.0,1842438186.358085,NxWater,2021,6,35,16,0.204058994,1466472103.5426698,1466472103.5426698,1842438186.358085,21.106125423727388,21.334355632676978
119,2021-08-10,1,6,3,35S,S,136.0,1434510016.7440116,NxWater,2021,6,35,16,0.204058994,1141785345.8443055,1141785345.8443055,1434510016.7440116,20.855858967154152,21.084089176103742
120,2021-08-10,2,1,1,8N,N,101.0,1316391204.036829,NxWater,2021,6,8,21,0.139619256,1132597643.5242627,1132597643.5242627,1316391204.036829,20.84777963105225,20.998159893179494
121,2021-08-10,2,1,1,8S,S,100.0,2354048959.157869,NxWater,2021,6,8,21,0.139619256,2025378394.8926728,2025378394.8926728,2354048959.157869,21.42902238172384,21.579402643851083
122,2021-08-10,2,1,2,14S,S,103.0,780893765.1407548,NxWater,2021,6,14,21,0.16543243,651708612.0016705,651708612.0016705,780893765.1407548,20.295108105887184,20.475949674404276
123,2021-08-10,2,1,3,30N,N,133.0,1614525342.0495236,NxWater,2021,6,30,21,0.137721649,1392170249.5901742,1392170249.5901742,1614525342.0495236,21.05412969711997,21.202306844570554
124,2021-08-10,2,1,3,30S,S,124.0,2172215541.5934134,NxWater,2021,6,30,21,0.137721649,1873054435.2217405,1873054435.2217405,2172215541.5934134,21.35083632310496,21.499013470555543
125,2021-08-10,2,5,1,10N,N,113.0,11729596082.507984,NxWater,2021,6,10,25,0.143842473,10042381974.708923,10042381974.708923,11729596082.507984,23.030080171548008,23.185381064450112
126,2021-08-10,2,5,2,15N,N,104.0,3732460196.031494,NxWater,2021,6,15,25,0.128065032,3254462561.5879946,3254462561.5879946,3732460196.031494,21.9032929873272,22.040333423163087
127,2021-08-10,2,5,2,15S,S,106.0,837733437.7338521,NxWater,2021,6,15,25,0.128065032,730449078.2229964,730449078.2229964,837733437.7338521,20.40917007861168,20.546210514447562
128,2021-08-10,2,5,3,28N,N,131.0,1557978245.494476,NxWater,2021,6,28,25,0.121200415,1369150635.5795736,1369150635.5795736,1557978245.494476,21.03745641049357,21.16665482120023
129,2021-08-10,2,5,3,28S,S,132.0,2214584805.8576508,NxWater,2021,6,28,25,0.121200415,1946176208.335009,1946176208.335009,2214584805.8576508,21.389132365601153,21.518330776307813
130,2021-08-10,2,6,1,9N,N,109.0,2877394698.689867,NxWater,2021,6,9,26,0.133456909,2493386496.229731,2493386496.229731,2877394698.689867,21.636907662054647,21.78015110316955
131,2021-08-10,2,6,1,9S,S,105.0,2640392556.7571077,NxWater,2021,6,9,26,0.133456909,2288013927.585697,2288013927.585697,2640392556.7571077,21.550949997676945,21.69419343879185
132,2021-08-10,2,6,2,13N,N,108.0,1499519501.680524,NxWater,2021,6,13,26,0.119774519,1319915274.6356196,1319915274.6356196,1499519501.680524,21.000833385602583,21.12841056152427
133,2021-08-10,2,6,2,13S,S,110.0,1242568814.4828582,NxWater,2021,6,13,26,0.119774519,1093740732.4037735,1093740732.4037735,1242568814.4828582,20.812869522369365,20.94044669829105
134,2021-08-10,2,6,3,26N,N,128.0,1448577043.5187988,NxWater,2021,6,26,26,0.149764977,1231630935.913478,1231630935.913478,1448577043.5187988,20.931605092173886,21.09384756224303
135,2021-08-10,2,6,3,26S,S,126.0,2540815619.92711,NxWater,2021,6,26,26,0.149764977,2160290427.047486,2160290427.047486,2540815619.92711,21.493508506570386,21.65575097663953
136,2021-09-23,1,1,1,2N,N,92.0,2877475253.205454,NxWater,2021,8,2,11,0.100771812,2587506857.9547815,2587506857.9547815,2877475253.205454,21.673960645951695,21.78017909842097
137,2021-09-23,1,1,1,2S,S,180.0,779636718.8019568,NxWater,2021,8,2,11,0.100771812,701071313.9465492,701071313.9465492,779636718.8019568,20.36812017155999,20.474338624029265
138,2021-09-23,1,1,3,32N,N,68.0,1894250061.697367,NxWater,2021,8,32,11,0.137092353,1634562863.5688798,1634562863.5688798,1894250061.697367,21.214641243816537,21.362088851346623
139,2021-09-23,1,5,1,3N,N,85.0,3304076588.368182,NxWater,2021,8,3,15,0.090642242,3004587678.6587787,3004587678.6587787,3304076588.368182,21.823406183758383,21.918422872835325
140,2021-09-23,1,5,1,3S,S,186.0,1325818678.5641978,NxWater,2021,8,3,15,0.090642242,1205643501.0536616,1205643501.0536616,1325818678.5641978,20.910279287118687,21.00529597619563
141,2021-09-23,1,5,2,20N,N,86.0,3158018145.6001816,NxWater,2021,8,20,15,0.099033816,2845267557.644152,2845267557.644152,3158018145.6001816,21.7689229449689,21.873210498678546
142,2021-09-23,1,5,2,20S,S,71.0,2504296756.129369,NxWater,2021,8,20,15,0.099033816,2256286691.9734564,2256286691.9734564,2504296756.129369,21.536986242283742,21.64127379599339
143,2021-09-23,1,5,3,36N,N,52.0,3497244610.8526206,NxWater,2021,8,36,15,0.078174949,3223847691.7586923,3223847691.7586923,3497244610.8526206,21.893841418464522,21.975241241352474
144,2021-09-23,1,5,3,36S,S,51.0,2828259683.1110525,NxWater,2021,8,36,15,0.078174949,2607160626.6250896,2607160626.6250896,2828259683.1110525,21.68152758358819,21.762927406476138
145,2021-09-23,1,6,1,6N,N,55.0,1123452717.9999564,NxWater,2021,8,6,16,0.088159897,1024409242.0967101,1024409242.0967101,1123452717.9999564,20.747381934209812,20.839672564146852
146,2021-09-23,1,6,1,6S,S,183.0,789855307.2379447,NxWater,2021,8,6,16,0.088159897,720221744.7069441,720221744.7069441,789855307.2379447,20.395069701318295,20.48736033125534
147,2021-09-23,1,6,2,22N,N,181.0,523364585.67583656,NxWater,2021,8,22,16,0.243877232,395727879.1943867,395727879.1943867,523364585.67583656,19.796237359255105,20.075788883707396
148,2021-09-23,1,6,2,22S,S,72.0,2684055083.8797584,NxWater,2021,8,22,16,0.243877232,2029475159.4876351,2029475159.4876351,2684055083.8797584,21.43104305444801,21.710594578900302
149,2021-09-23,1,6,3,35N,N,69.0,1604350463.1529481,NxWater,2021,8,35,16,0.103758138,1437886046.3967607,1437886046.3967607,1604350463.1529481,21.086439848596743,21.195984815762063
150,2021-09-23,1,6,3,35S,S,59.0,3765636683.3056855,NxWater,2021,8,35,16,0.103758138,3374921232.6613917,3374921232.6613917,3765636683.3056855,21.93963782252786,22.049182789693177
151,2021-09-23,2,1,1,8N,N,97.0,1981135392.1144092,NxWater,2021,8,8,21,0.074780712,1832984676.9236944,1832984676.9236944,1981135392.1144092,21.329211446207495,21.406935947665303
152,2021-09-23,2,1,1,8S,S,88.0,2009918739.1598337,NxWater,2021,8,8,21,0.074780712,1859615584.783319,1859615584.783319,2009918739.1598337,21.343635628463655,21.42136012992146
153,2021-09-23,2,1,2,14N,N,184.0,590053094.9413811,NxWater,2021,8,14,21,0.08383546,540585722.3025467,540585722.3025467,590053094.9413811,20.108163780622753,20.195723082241123
154,2021-09-23,2,1,2,14S,S,90.0,2571166704.303264,NxWater,2021,8,14,21,0.08383546,2355611760.911316,2355611760.911316,2571166704.303264,21.580066301767733,21.667625603386103
155,2021-09-23,2,1,3,30S,S,61.0,3133232672.664203,NxWater,2021,8,30,21,0.084049374,2869886427.93043,2869886427.93043,3133232672.664203,21.777538293785266,21.86533111129275
156,2021-09-23,2,5,1,10N,N,182.0,780760112.1076849,NxWater,2021,8,10,25,0.098576255,703795704.2027291,703795704.2027291,780760112.1076849,20.37199867911436,20.47577850583057
157,2021-09-23,2,5,1,10S,S,91.0,10344197073.188564,NxWater,2021,8,10,25,0.098576255,9324504864.731674,9324504864.731674,10344197073.188564,22.955911703450656,23.059691530166866
158,2021-09-23,2,5,2,15N,N,62.0,5741568359.645737,NxWater,2021,8,15,25,0.08578145,5249048300.481204,5249048300.481204,5741568359.645737,22.381312621018626,22.4709982433442
159,2021-09-23,2,5,2,15S,S,65.0,5403620292.343082,NxWater,2021,8,15,25,0.08578145,4940089908.416469,4940089908.416469,5403620292.343082,22.320649368064927,22.410334990390503
160,2021-09-23,2,5,3,28N,N,66.0,752087031.94283,NxWater,2021,8,28,25,0.066099293,702374610.8569405,702374610.8569405,752087031.94283,20.369977453357603,20.438362609183983
161,2021-09-23,2,5,3,28S,S,63.0,3600232060.259311,NxWater,2021,8,28,25,0.066099293,3362259266.4402375,3362259266.4402375,3600232060.259311,21.9358789856877,22.004264141514085
162,2021-09-23,2,6,1,9S,S,70.0,2635441826.2133055,NxWater,2021,8,9,26,0.103146981,2363603958.2382765,2363603958.2382765,2635441826.2133055,21.583453392099425,21.692316680865968
163,2021-09-23,2,6,2,13N,N,185.0,542189942.3682339,NxWater,2021,8,13,26,0.062171139,508481376.0968564,508481376.0968564,542189942.3682339,20.046939147603915,20.111126945185514
164,2021-09-23,2,6,2,13S,S,87.0,1839148191.0860188,NxWater,2021,8,13,26,0.062171139,1724806253.2564113,1724806253.2564113,1839148191.0860188,21.268380564168908,21.33256836175051
165,2021-09-23,2,6,3,26N,N,64.0,2345915061.215253,NxWater,2021,8,26,26,0.069529727,2182804227.443768,2182804227.443768,2345915061.215253,21.50387622998135,21.57594138073165
166,2021-09-23,2,6,3,26S,S,67.0,3659365968.693955,NxWater,2021,8,26,26,0.069529727,3404931251.8975735,3404931251.8975735,3659365968.693955,21.948490586005608,22.020555736755906
167,2022-05-26,1,1,1,2S,S,223.0,4883740295.620943,NxWater,2022,1,2,11,0.176610752,4021219249.4386263,4021219249.4386263,4883740295.620943,22.1148509894727,22.309177217256266
168,2022-05-26,1,1,2,23S,S,236.0,1495267489.7119343,NxWater,2022,1,23,11,0.181424396,1223989488.5325105,1223989488.5325105,1495267489.7119343,20.925381433199433,21.125570950668507
169,2022-05-26,1,1,3,32S,S,226.0,581544400.1064113,NxWater,2022,1,32,11,0.210185282,459312326.3745245,459312326.3745245,581544400.1064113,19.945240986241643,20.18119788144737
170,2022-05-26,1,5,1,3S,S,240.0,1308136054.4217687,NxWater,2022,1,3,15,0.181200143,1071101614.2970884,1071101614.2970884,1308136054.4217687,20.791953501873195,20.991869101714034
171,2022-05-26,1,5,2,20S,S,227.0,2566645816.1865573,NxWater,2022,1,20,15,0.18895735,2081659224.3713582,2081659224.3713582,2566645816.1865573,21.456431116687575,21.665865753541265
172,2022-05-26,1,5,3,36S,S,241.0,1069879701.2898844,NxWater,2022,1,36,15,0.169743956,888274088.3488411,888274088.3488411,1069879701.2898844,20.604790911381844,20.790812050398603
173,2022-05-26,1,6,1,6S,S,232.0,2166575806.4516134,NxWater,2022,1,6,16,0.165919033,1807099643.7239666,1807099643.7239666,2166575806.4516134,21.314988990214903,21.496413788816707
174,2022-05-26,1,6,2,22S,S,234.0,1673302011.6106384,NxWater,2022,1,22,16,0.190396461,1354711230.415792,1354711230.415792,1673302011.6106384,21.026854154481757,21.23806476364578
175,2022-05-26,1,6,3,35S,S,235.0,1804243047.3177807,NxWater,2022,1,35,16,0.189739795,1461906341.38953,1461906341.38953,1804243047.3177807,21.103007134244876,21.313406976406547
176,2022-05-26,2,1,1,8S,S,230.0,804770181.7217138,NxWater,2022,1,8,21,0.16517987,671838347.7250447,671838347.7250447,804770181.7217138,20.325528315569088,20.50606730607877
177,2022-05-26,2,1,2,14S,S,233.0,936184305.6130189,NxWater,2022,1,14,21,0.164926408,781782790.8622894,781782790.8622894,936184305.6130189,20.477087498881176,20.657322922764305
178,2022-05-26,2,1,3,30S,S,225.0,3482113286.348212,NxWater,2022,1,30,21,0.174942595,2872943351.9504776,2872943351.9504776,3482113286.348212,21.77860289936333,21.97090521261331
179,2022-05-26,2,5,1,10S,S,228.0,2917490039.8406377,NxWater,2022,1,10,25,0.117329737,2575181700.766016,2575181700.766016,2917490039.8406377,21.66918593197691,21.793989508182786
180,2022-05-26,2,5,2,15S,S,243.0,2777842648.4385467,NxWater,2022,1,15,25,0.243323032,2101929552.8015697,2101929552.8015697,2777842648.4385467,21.46612159447303,21.74494043764358
181,2022-05-26,2,5,3,28S,S,231.0,2107642142.7592824,NxWater,2022,1,28,25,0.192113346,1702735958.5431871,1702735958.5431871,2107642142.7592824,21.25550218171089,21.46883569171502
182,2022-05-26,2,6,1,9S,S,224.0,975714474.9039862,NxWater,2022,1,9,26,0.176693368,803312198.1268494,803312198.1268494,975714474.9039862,20.504253986049104,20.698680555372444
183,2022-05-26,2,6,2,13S,S,237.0,1267363612.2177954,NxWater,2022,1,13,26,0.158574481,1066392085.1720731,1066392085.1720731,1267363612.2177954,20.787546904794546,20.96020468386697
184,2022-05-26,2,6,3,26S,S,229.0,3130400000.0000005,NxWater,2022,1,26,26,0.184836787,2551786921.9752,2551786921.9752,3130400000.0000005,21.660059704419268,21.86442662886048
185,2022-06-22,1,1,1,2S,S,275.0,1585483628.556092,NxWater,2022,3,2,11,0.204044115,1261975024.7203755,1261975024.7203755,1585483628.556092,20.95594381063218,21.18415532616
186,2022-06-22,1,1,2,23S,S,274.0,698366306.8106091,NxWater,2022,3,23,11,0.16960715,579918387.8564361,579918387.8564361,698366306.8106091,20.178397941011724,20.36425431792759
187,2022-06-22,1,1,3,32S,S,262.0,1453760412.6370082,NxWater,2022,3,32,11,0.172544018,1202922749.831281,1202922749.831281,1453760412.6370082,20.908020057273017,21.09741942437649
188,2022-06-22,1,5,1,3S,S,257.0,1900987387.3873878,NxWater,2022,3,3,15,0.148801897,1618116857.9710705,1618116857.9710705,1900987387.3873878,21.204528876689828,21.36563926570549
189,2022-06-22,1,5,2,20S,S,261.0,1319785365.853659,NxWater,2022,3,20,15,0.166778944,1099672956.229932,1099672956.229932,1319785365.853659,20.818278660026362,21.000734958697596
190,2022-06-22,1,5,3,36S,S,254.0,1530766471.7348928,NxWater,2022,3,36,15,0.145956786,1307340717.403908,1307340717.403908,1530766471.7348928,20.991260924229195,21.149034408829458
191,2022-06-22,1,6,1,6S,S,276.0,721742645.6735297,NxWater,2022,3,6,16,0.150718638,612962577.1310987,612962577.1310987,721742645.6735297,20.23381444331116,20.397179186879416
192,2022-06-22,1,6,2,22S,S,256.0,1578060653.5947714,NxWater,2022,3,22,16,0.158971669,1327193717.7095797,1327193717.7095797,1578060653.5947714,21.006332563337427,21.17946249563697
193,2022-06-22,1,6,3,35S,S,253.0,947954022.9885057,NxWater,2022,3,35,16,0.17484749,782206641.4335632,782206641.4335632,947954022.9885057,20.4776295109599,20.669816560085913
194,2022-06-22,2,1,1,8S,S,277.0,709616310.0524828,NxWater,2022,3,8,21,0.146390119,605735493.979559,605735493.979559,709616310.0524828,20.221953970167498,20.380234973549616
195,2022-06-22,2,1,2,14S,S,258.0,806619711.3402063,NxWater,2022,3,14,21,0.132144057,700029710.2275425,700029710.2275425,806619711.3402063,20.366633335289198,20.508362877670294
196,2022-06-22,2,1,3,30S,S,252.0,849503241.1067193,NxWater,2022,3,30,21,0.135542169,734359729.2345846,734359729.2345846,849503241.1067193,20.414509560846838,20.560162314380012
197,2022-06-22,2,5,2,15S,S,259.0,807578738.7387388,NxWater,2022,3,15,25,0.150884682,685727477.554183,685727477.554183,807578738.7387388,20.345990843719743,20.509551117581346
198,2022-06-22,2,5,3,28S,S,273.0,675451066.0426415,NxWater,2022,3,28,25,0.151357201,573216683.2739612,573216683.2739612,675451066.0426415,20.16677435899711,20.33089127164897
199,2022-06-22,2,6,1,9S,S,260.0,1940204967.3202612,NxWater,2022,3,9,26,0.16135319,1627146706.5892913,1627146706.5892913,1940204967.3202612,21.210093831117806,21.386059457698604
200,2022-06-22,2,6,2,13S,S,278.0,595093623.890234,NxWater,2022,3,13,26,0.134009187,515345611.16381997,515345611.16381997,595093623.890234,20.06034832318654,20.204229302207544
201,2022-06-22,2,6,3,26S,S,255.0,564721930.5224078,NxWater,2022,3,26,26,0.148995076,480581143.5653549,480581143.5653549,564721930.5224078,19.990506645302073,20.151844009593614
202,2022-07-20,1,1,1,2S,S,280.0,1160616382.8061638,NxWater,2022,5,2,11,0.143306895,994292052.700081,994292052.700081,1160616382.8061638,20.71754153705914,20.872217065428636
203,2022-07-20,1,1,2,23S,S,286.0,878677663.2302407,NxWater,2022,5,23,11,0.240173721,667642379.2926489,667642379.2926489,878677663.2302407,20.31926322780406,20.593928679897427
204,2022-07-20,1,1,3,32S,S,291.0,1279569421.93409,NxWater,2022,5,32,11,0.162576908,1071540981.7446982,1071540981.7446982,1279569421.93409,20.792363619225085,20.969789469172436
205,2022-07-20,1,5,1,3S,S,281.0,628490940.1709402,NxWater,2022,5,3,15,0.141498427,539560460.753001,539560460.753001,628490940.1709402,20.106265404507493,20.258832170888198
206,2022-07-20,1,5,2,20S,S,287.0,570425347.3574861,NxWater,2022,5,20,15,0.144112985,488219647.83013695,488219647.83013695,570425347.3574861,20.00627596056627,20.161892863940782
207,2022-07-20,1,5,3,36S,S,295.0,552705872.8230052,NxWater,2022,5,36,15,0.130693912,480470580.11839217,480470580.11839217,552705872.8230052,19.99027655685891,20.130336542444535
208,2022-07-20,1,6,1,6S,S,282.0,928061168.3848798,NxWater,2022,5,6,16,0.141636544,796613791.8742434,796613791.8742434,928061168.3848798,20.495880541986804,20.648608202786072
209,2022-07-20,1,6,2,22S,S,288.0,645284354.8387096,NxWater,2022,5,22,16,0.157874016,543410722.2783535,543410722.2783535,645284354.8387096,20.113375986595404,20.285201637824787
210,2022-07-20,1,6,3,35S,S,296.0,935169579.0200139,NxWater,2022,5,35,16,0.140659503,803629090.8143395,803629090.8143395,935169579.0200139,20.504648390864983,20.656238438743628
211,2022-07-20,2,1,1,8S,S,283.0,982023307.3450966,NxWater,2022,5,8,21,0.110725985,873287809.346353,873287809.346353,982023307.3450966,20.587775737990015,20.705125600604386
212,2022-07-20,2,1,2,14S,S,289.0,953513648.8071961,NxWater,2022,5,14,21,0.085336924,872143727.0259737,872143727.0259737,953513648.8071961,20.586464792862248,20.6756642973304
213,2022-07-20,2,5,2,15S,S,290.0,482516402.97498304,NxWater,2022,5,15,25,0.133015914,418334042.6132733,418334042.6132733,482516402.97498304,19.85179081635051,19.994525473968544
214,2022-07-20,2,5,3,28S,S,293.0,389673280.4232804,NxWater,2022,5,28,25,0.106104095,348327349.65828705,348327349.65828705,389673280.4232804,19.668653255533044,19.7808192034812
215,2022-07-20,2,6,1,9S,S,284.0,1117546817.997568,NxWater,2022,5,9,26,0.130308815,971920616.4372841,971920616.4372841,1117546817.997568,20.694784688757498,20.834401778874252
216,2022-07-20,2,6,2,13S,S,292.0,1138199528.6724274,NxWater,2022,5,13,26,0.083653254,1042985434.3977126,1042985434.3977126,1138199528.6724274,20.76535304776467,20.852713490034134
217,2022-07-20,2,6,3,26S,S,294.0,943451324.5033113,NxWater,2022,5,26,26,0.133443375,817553995.6133692,817553995.6133692,943451324.5033113,20.521827508234463,20.6650553310905
218,2022-09-01,1,1,1,2S,S,247.0,418218090.7172996,NxWater,2022,8,2,11,0.175642661,344761152.38537365,344761152.38537365,418218090.7172996,19.658362423310614,19.85151360255331
219,2022-09-01,1,1,2,23S,S,269.0,1879277089.1643343,NxWater,2022,8,23,11,0.186217631,1529322561.627576,1529322561.627576,1879277089.1643343,21.148090704121042,21.35415301279854
220,2022-09-01,1,1,3,32S,S,267.0,1090559714.795009,NxWater,2022,8,32,11,0.17659448,897972889.051836,897972889.051836,1090559714.795009,20.615650435445296,20.809956901203485
221,2022-09-01,1,5,1,3S,S,249.0,1339128306.3560996,NxWater,2022,8,3,15,0.188186969,1087121809.2808418,1087121809.2808418,1339128306.3560996,20.806799498863196,21.01528472158612
222,2022-09-01,1,5,2,20S,S,272.0,710698662.3863026,NxWater,2022,8,20,15,0.172493964,588107432.9017916,588107432.9017916,710698662.3863026,20.192420198190295,20.381759075688
223,2022-09-01,1,5,3,36S,S,279.0,358030483.87096775,NxWater,2022,8,36,15,0.177058991,294637967.64953244,294637967.64953244,358030483.87096775,19.50125793233609,19.696128691217442
224,2022-09-01,1,6,1,6S,S,250.0,1287338762.2149837,NxWater,2022,8,6,16,0.16327375,1077150134.987785,1077150134.987785,1287338762.2149837,20.797584626508097,20.97584294942875
225,2022-09-01,1,6,2,22S,S,265.0,870144671.5726357,NxWater,2022,8,22,16,0.169899535,722307496.4897171,722307496.4897171,870144671.5726357,20.39796150160451,20.58417004495234
226,2022-09-01,1,6,3,35S,S,270.0,580484912.2807018,NxWater,2022,8,35,16,0.14040319,498982978.84962106,498982978.84962106,580484912.2807018,20.028082542612214,20.179374367861268
227,2022-09-01,2,1,1,8S,S,251.0,690738273.6156352,NxWater,2022,8,8,21,0.173872686,570637754.6590818,570637754.6590818,690738273.6156352,20.162265161149715,20.35327154531626
228,2022-09-01,2,1,2,14S,S,263.0,2131963888.888889,NxWater,2022,8,14,21,0.134890194,1844382866.3156724,1844382866.3156724,2131963888.888889,21.335410568682907,21.48030940543719
229,2022-09-01,2,1,3,30S,S,268.0,1188105610.561056,NxWater,2022,8,30,21,0.142539534,1018753590.4888976,1018753590.4888976,1188105610.561056,20.741845746919417,20.895625951714358
230,2022-09-01,2,5,1,10S,S,271.0,833639130.4347826,NxWater,2022,8,10,25,0.148364814,709956415.9047043,709956415.9047043,833639130.4347826,20.380714140065724,20.541311169362118
231,2022-09-01,2,5,2,15S,S,264.0,1254720654.396728,NxWater,2022,8,15,25,0.151976506,1064032593.3354797,1064032593.3354797,1254720654.396728,20.785331860230787,20.950178798616122
232,2022-09-01,2,6,1,9S,S,248.0,1482411392.4050632,NxWater,2022,8,9,26,0.10423125,1327897799.960443,1327897799.960443,1482411392.4050632,21.006862927178133,21.116935918014544
233,2022-09-01,2,6,3,26S,S,266.0,772020608.4142396,NxWater,2022,8,26,26,0.131072898,670829629.953662,670829629.953662,772020608.4142396,20.324025758007675,20.464521802469847
234,2022-09-27,2,1,1,8S,S,297.0,1338884210.5263157,NxWater,2022,9,8,21,0.134935032,1158221826.7346525,1158221826.7346525,1338884210.5263157,20.870151757971804,21.015102425328042
235,2022-09-27,2,1,2,14S,S,300.0,2339419457.7352476,NxWater,2022,9,14,21,0.200951951,1869308553.4959877,1869308553.4959877,2339419457.7352476,21.348834441946973,21.57316864055043
236,2022-09-27,2,1,3,30S,S,303.0,1265105263.1578944,NxWater,2022,9,30,21,0.15462754,1069485148.4747366,1069485148.4747366,1265105263.1578944,20.790443199971183,20.958421167646495
237,2022-09-27,2,5,1,10S,S,298.0,1868891156.462585,NxWater,2022,9,10,25,0.131352385,1623407845.7558162,1623407845.7558162,1868891156.462585,21.20779338519566,21.348611127481444
238,2022-09-27,2,5,2,15S,S,301.0,675882509.8679732,NxWater,2022,9,15,25,0.200951951,540062600.8632272,540062600.8632272,675882509.8679732,20.107195618328014,20.33152981693147
239,2022-09-27,2,5,3,28S,S,304.0,999923046.7216334,NxWater,2022,9,28,25,0.155863798,844071242.9518683,844071242.9518683,999923046.7216334,20.553747460078228,20.72318888070699
240,2022-09-27,2,6,1,9S,S,299.0,977489230.7692306,NxWater,2022,9,9,26,0.201791468,780240243.9381168,780240243.9381168,977489230.7692306,20.475112435272962,20.70049783264723
241,2022-09-27,2,6,2,13S,S,302.0,1163487036.2983646,NxWater,2022,9,13,26,0.130391065,1011778722.5217272,1011778722.5217272,1163487036.2983646,20.734975730268836,20.874687398657752
242,2022-09-27,2,6,3,26S,S,305.0,2445910204.0816326,NxWater,2022,9,26,26,0.116176178,2161753704.8402286,2161753704.8402286,2445910204.0816326,21.49418562961865,21.617683162205395
