Type,date,Year,Direction,Sampling,plot,ID,Block,Irr,Nrate,Nfert,Trt,lbs.NH4.N.per.ac,lbs.NO3.N.per.ac,lbs.Total.N.per.ac
Probe,6/3/2021,2021,N,1,2,111,1,1,1,20,11,4.799602134,2.088854795,6.888456929
Probe,6/3/2021,2021,S,1,2,111,1,1,1,20,11,6.423340756,2.009575411,8.432916167
Probe,6/3/2021,2021,N,1,3,115,1,1,5,200,15,6.467619193,2.375275896,8.842895089
Probe,6/3/2021,2021,S,1,3,115,1,1,5,200,15,4.947796829,2.846771804,7.794568633
Probe,6/3/2021,2021,N,1,6,116,1,1,6,245,16,4.12865076,3.137005304,7.265656063
Probe,6/3/2021,2021,S,1,6,116,1,1,6,245,16,7.306126316,3.803157763,11.10928408
Probe,6/3/2021,2021,N,1,8,121,1,2,1,20,21,6.943862502,0.696048965,7.639911467
Probe,6/3/2021,2021,S,1,8,121,1,2,1,20,21,4.415928094,1.306255039,5.722183132
Probe,6/3/2021,2021,N,1,9,126,1,2,6,245,26,4.290958928,1.41215626,5.703115188
Probe,6/3/2021,2021,S,1,9,126,1,2,6,245,26,4.07284448,1.747672582,5.820517062
Probe,6/3/2021,2021,N,1,10,125,1,2,5,200,25,1.35693057,1.267016757,2.623947327
Probe,6/3/2021,2021,S,1,10,125,1,2,5,200,25,6.171025091,2.737857783,8.908882873
Probe,6/3/2021,2021,N,1,13,226,2,2,6,245,26,5.134588244,1.179072595,6.313660839
Probe,6/3/2021,2021,S,1,13,226,2,2,6,245,26,11.99455939,0.967172405,12.9617318
Probe,6/3/2021,2021,N,1,14,221,2,2,1,20,21,4.133129159,4.980491735,9.113620894
Probe,6/3/2021,2021,S,1,14,221,2,2,1,20,21,6.863209058,3.987618487,10.85082755
Probe,6/3/2021,2021,N,1,15,225,2,2,5,200,25,4.941711357,1.152162182,6.093873539
Probe,6/3/2021,2021,S,1,15,225,2,2,5,200,25,11.12085107,1.452267139,12.5731182
Probe,6/3/2021,2021,N,1,20,215,2,1,5,200,15,2.449145696,1.506417502,3.955563198
Probe,6/3/2021,2021,S,1,20,215,2,1,5,200,15,10.26000694,2.635120644,12.89512758
Probe,6/3/2021,2021,N,1,22,216,2,1,6,245,16,7.826021354,3.258293491,11.08431484
Probe,6/3/2021,2021,S,1,22,216,2,1,6,245,16,11.03505464,4.243759627,15.27881427
Probe,6/3/2021,2021,N,1,23,211,2,1,1,20,11,8.712444104,7.596308339,16.30875244
Probe,6/3/2021,2021,S,1,23,211,2,1,1,20,11,8.454628229,4.738908233,13.19353646
Probe,6/3/2021,2021,N,1,26,326,3,2,6,245,26,8.618436655,3.32694441,11.94538107
Probe,6/3/2021,2021,S,1,26,326,3,2,6,245,26,15.12511969,5.831283441,20.95640313
Probe,6/3/2021,2021,N,1,28,325,3,2,5,200,25,8.834520665,17.20738589,26.04190656
Probe,6/3/2021,2021,S,1,28,325,3,2,5,200,25,10.67631027,8.025313335,18.70162361
Probe,6/3/2021,2021,N,1,30,321,3,2,1,20,21,4.847600433,6.611610099,11.45921053
Probe,6/3/2021,2021,S,1,30,321,3,2,1,20,21,10.27770914,4.6326557,14.91036484
Probe,6/3/2021,2021,N,1,32,311,3,1,1,20,11,3.990066227,1.964541543,5.95460777
Probe,6/3/2021,2021,S,1,32,311,3,1,1,20,11,13.99835763,1.766790122,15.76514775
Probe,6/3/2021,2021,N,1,35,316,3,1,6,245,16,4.302681825,1.527002288,5.829684114
Probe,6/3/2021,2021,S,1,35,316,3,1,6,245,16,16.79152474,2.602875838,19.39440058
Probe,6/3/2021,2021,N,1,36,315,3,1,5,200,15,2.417086895,3.144552157,5.561639052
Probe,6/3/2021,2021,S,1,36,315,3,1,5,200,15,18.32317129,4.406175388,22.72934668
Probe,6/15/2021,2021,N,2,2,111,1,1,1,20,11,2.924482534,2.523507209,5.447989742
Probe,6/15/2021,2021,S,2,2,111,1,1,1,20,11,0.319953683,1.832945726,2.152899409
Probe,6/15/2021,2021,N,2,3,115,1,1,5,200,15,0.868270488,4.97149998,5.839770468
Probe,6/15/2021,2021,S,2,3,115,1,1,5,200,15,0.661617305,2.906939006,3.568556311
Probe,6/15/2021,2021,N,2,6,116,1,1,6,245,16,2.166522198,2.49201695,4.658539148
Probe,6/15/2021,2021,S,2,6,116,1,1,6,245,16,4.023234798,2.819002081,6.84223688
Probe,6/15/2021,2021,N,2,8,121,1,2,1,20,21,0.449874402,5.741442928,6.19131733
Probe,6/15/2021,2021,S,2,8,121,1,2,1,20,21,3.223483807,3.772401028,6.995884836
Probe,6/15/2021,2021,N,2,9,126,1,2,6,245,26,-1.359699892,0.239293862,-1.12040603
Probe,6/15/2021,2021,S,2,9,126,1,2,6,245,26,1.604288627,3.894332182,5.498620809
Probe,6/15/2021,2021,N,2,10,125,1,2,5,200,25,0.820912064,4.081098524,4.902010589
Probe,6/15/2021,2021,S,2,10,125,1,2,5,200,25,0.998484144,6.948144756,7.946628899
Probe,6/15/2021,2021,N,2,13,226,2,2,6,245,26,3.702764081,0.996881821,4.699645902
Probe,6/15/2021,2021,S,2,13,226,2,2,6,245,26,2.512689126,3.333471074,5.8461602
Probe,6/15/2021,2021,N,2,14,221,2,2,1,20,21,1.042820256,1.574794259,2.617614515
Probe,6/15/2021,2021,S,2,14,221,2,2,1,20,21,0.38175574,5.305981578,5.687737318
Probe,6/15/2021,2021,N,2,15,225,2,2,5,200,25,9.197736673,1.641619374,10.83935605
Probe,6/15/2021,2021,S,2,15,225,2,2,5,200,25,6.274312636,6.576349917,12.85066255
Probe,6/15/2021,2021,N,2,20,215,2,1,5,200,15,17.15850971,1.225817789,18.38432749
Probe,6/15/2021,2021,S,2,20,215,2,1,5,200,15,14.66928326,1.890014439,16.5592977
Probe,6/15/2021,2021,N,2,22,216,2,1,6,245,16,10.75184223,7.902896065,18.6547383
Probe,6/15/2021,2021,S,2,22,216,2,1,6,245,16,12.39138699,1.570068233,13.96145523
Probe,6/15/2021,2021,N,2,23,211,2,1,1,20,11,5.352889421,3.159136414,8.512025835
Probe,6/15/2021,2021,S,2,23,211,2,1,1,20,11,4.114137685,3.264937623,7.379075308
Probe,6/15/2021,2021,N,2,26,326,3,2,6,245,26,12.19795674,1.379093256,13.57704999
Probe,6/15/2021,2021,S,2,26,326,3,2,6,245,26,13.6085422,1.066642281,14.67518448
Probe,6/15/2021,2021,N,2,28,325,3,2,5,200,25,16.41639954,2.448913927,18.86531347
Probe,6/15/2021,2021,S,2,28,325,3,2,5,200,25,11.84904244,1.120529014,12.96957145
Probe,6/15/2021,2021,N,2,30,321,3,2,1,20,21,-0.161140359,1.658519841,1.497379482
Probe,6/15/2021,2021,S,2,30,321,3,2,1,20,21,2.501460328,2.059258537,4.560718865
Probe,6/15/2021,2021,N,2,32,311,3,1,1,20,11,0.167381818,2.064060775,2.231442593
Probe,6/15/2021,2021,S,2,32,311,3,1,1,20,11,0.666886969,5.843996161,6.510883129
Probe,6/15/2021,2021,N,2,35,316,3,1,6,245,16,5.224330177,1.33158963,6.555919808
Probe,6/15/2021,2021,S,2,35,316,3,1,6,245,16,1.302187385,4.330564783,5.632752167
Probe,6/15/2021,2021,N,2,36,315,3,1,5,200,15,-0.325465616,2.125239521,1.799773905
Probe,6/15/2021,2021,S,2,36,315,3,1,5,200,15,0.373148181,0.57453534,0.947683521
Probe,6/30/2021,2021,N,3,2,111,1,1,1,20,11,2.114883163,3.494032245,5.608915407
Probe,6/30/2021,2021,S,3,2,111,1,1,1,20,11,1.123112508,1.08798418,2.211096688
Probe,6/30/2021,2021,N,3,3,115,1,1,5,200,15,1.222959873,0.697322874,1.920282747
Probe,6/30/2021,2021,S,3,3,115,1,1,5,200,15,0.706168733,0.815192608,1.521361341
Probe,6/30/2021,2021,N,3,6,116,1,1,6,245,16,1.202174321,-0.05215541,1.150018911
Probe,6/30/2021,2021,S,3,6,116,1,1,6,245,16,1.424547289,2.984816292,4.409363581
Probe,6/30/2021,2021,N,3,8,121,1,2,1,20,21,0.23286326,0.015073711,0.247936971
Probe,6/30/2021,2021,S,3,8,121,1,2,1,20,21,0.277496625,0.411514158,0.689010783
Probe,6/30/2021,2021,N,3,9,126,1,2,6,245,26,0.295496486,0.508633227,0.804129714
Probe,6/30/2021,2021,S,3,9,126,1,2,6,245,26,0.67871011,1.534185149,2.212895259
Probe,6/30/2021,2021,N,3,10,125,1,2,5,200,25,0.501502369,0.061509346,0.563011715
Probe,6/30/2021,2021,S,3,10,125,1,2,5,200,25,0.834788018,2.114832124,2.949620142
Probe,6/30/2021,2021,N,3,13,226,2,2,6,245,26,8.342527183,5.186346042,13.52887322
Probe,6/30/2021,2021,S,3,13,226,2,2,6,245,26,1.431466348,2.653494749,4.084961096
Probe,6/30/2021,2021,N,3,14,221,2,2,1,20,21,1.566927103,2.684466512,4.251393614
Probe,6/30/2021,2021,S,3,14,221,2,2,1,20,21,0.762246167,5.711731893,6.473978059
Probe,6/30/2021,2021,N,3,15,225,2,2,5,200,25,0.531784418,0.163058611,0.694843028
Probe,6/30/2021,2021,S,3,15,225,2,2,5,200,25,0.512604154,4.518851815,5.031455969
Probe,6/30/2021,2021,N,3,20,215,2,1,5,200,15,0.290702627,1.79367571,2.084378337
Probe,6/30/2021,2021,S,3,20,215,2,1,5,200,15,1.527457097,1.371288297,2.898745394
Probe,6/30/2021,2021,N,3,22,216,2,1,6,245,16,1.885665572,1.833322232,3.718987804
Probe,6/30/2021,2021,S,3,22,216,2,1,6,245,16,1.566977412,0.851010943,2.417988355
Probe,6/30/2021,2021,N,3,23,211,2,1,1,20,11,1.139851951,1.12736509,2.267217041
Probe,6/30/2021,2021,S,3,23,211,2,1,1,20,11,0.621518678,0.110201148,0.731719826
Probe,6/30/2021,2021,N,3,26,326,3,2,6,245,26,0.568635459,0.252061131,0.82069659
Probe,6/30/2021,2021,S,3,26,326,3,2,6,245,26,8.210907328,0.124343777,8.335251105
Probe,6/30/2021,2021,N,3,28,325,3,2,5,200,25,11.42105507,0.618684122,12.0397392
Probe,6/30/2021,2021,S,3,28,325,3,2,5,200,25,7.40269631,1.126347157,8.529043467
Probe,6/30/2021,2021,N,3,30,321,3,2,1,20,21,5.523326996,0.520295164,6.043622161
Probe,6/30/2021,2021,S,3,30,321,3,2,1,20,21,5.942061966,0.148574058,6.090636025
Probe,6/30/2021,2021,N,3,32,311,3,1,1,20,11,6.399576404,0.688765592,7.088341997
Probe,6/30/2021,2021,S,3,32,311,3,1,1,20,11,4.38742393,1.104097651,5.491521581
Probe,6/30/2021,2021,N,3,35,316,3,1,6,245,16,17.43277985,1.003889041,18.43666889
Probe,6/30/2021,2021,S,3,35,316,3,1,6,245,16,10.47925577,0.420006289,10.89926205
Probe,6/30/2021,2021,N,3,36,315,3,1,5,200,15,9.296233884,1.86120838,11.15744226
Probe,6/30/2021,2021,S,3,36,315,3,1,5,200,15,11.78382087,3.016490243,14.80031111
Probe,7/14/2021,2021,N,4,2,111,1,1,1,20,11,1.67915501,0.986019936,2.665174946
Probe,7/14/2021,2021,S,4,2,111,1,1,1,20,11,1.822131244,7.755669235,9.577800479
Probe,7/14/2021,2021,N,4,3,115,1,1,5,200,15,0.723365388,0.251495078,0.974860466
Probe,7/14/2021,2021,S,4,3,115,1,1,5,200,15,1.268492175,0.844581317,2.113073492
Probe,7/14/2021,2021,N,4,6,116,1,1,6,245,16,2.350993876,0.692702336,3.043696212
Probe,7/14/2021,2021,S,4,6,116,1,1,6,245,16,4.734403235,0.731000416,5.46540365
Probe,7/14/2021,2021,N,4,8,121,1,2,1,20,21,2.513934929,1.230556723,3.744491652
Probe,7/14/2021,2021,S,4,8,121,1,2,1,20,21,1.953774725,0.339995625,2.29377035
Probe,7/14/2021,2021,N,4,9,126,1,2,6,245,26,0.977035774,1.101931355,2.078967129
Probe,7/14/2021,2021,S,4,9,126,1,2,6,245,26,1.492022776,1.996293841,3.488316617
Probe,7/14/2021,2021,N,4,10,125,1,2,5,200,25,1.01773616,2.310872139,3.328608299
Probe,7/14/2021,2021,S,4,10,125,1,2,5,200,25,3.074713715,1.13649206,4.211205774
Probe,7/14/2021,2021,N,4,13,226,2,2,6,245,26,6.687226781,1.31070236,7.997929141
Probe,7/14/2021,2021,S,4,13,226,2,2,6,245,26,3.347681984,3.130777213,6.478459197
Probe,7/14/2021,2021,N,4,14,221,2,2,1,20,21,0.919976187,0.050699612,0.9706758
Probe,7/14/2021,2021,S,4,14,221,2,2,1,20,21,2.948169027,1.042285262,3.990454289
Probe,7/14/2021,2021,N,4,15,225,2,2,5,200,25,2.018920982,-0.037221508,1.981699474
Probe,7/14/2021,2021,S,4,15,225,2,2,5,200,25,3.58659111,0.896561035,4.483152145
Probe,7/14/2021,2021,N,4,20,215,2,1,5,200,15,3.962621582,0.70496809,4.667589672
Probe,7/14/2021,2021,S,4,20,215,2,1,5,200,15,8.891761123,5.412186514,14.30394764
Probe,7/14/2021,2021,N,4,22,216,2,1,6,245,16,,29.94721254,29.94721254
Probe,7/14/2021,2021,S,4,22,216,2,1,6,245,16,8.062958762,0.267075409,8.330034172
Probe,7/14/2021,2021,N,4,23,211,2,1,1,20,11,1.724583342,0.41464718,2.139230522
Probe,7/14/2021,2021,S,4,23,211,2,1,1,20,11,4.142165375,0.275328911,4.417494286
Probe,7/14/2021,2021,N,4,26,326,3,2,6,245,26,5.06683578,0.118668505,5.185504285
Probe,7/14/2021,2021,S,4,26,326,3,2,6,245,26,7.054801631,9.088095063,16.14289669
Probe,7/14/2021,2021,N,4,28,325,3,2,5,200,25,43.96919722,8.054372654,52.02356987
Probe,7/14/2021,2021,S,4,28,325,3,2,5,200,25,6.683647026,1.698845625,8.382492651
Probe,7/14/2021,2021,N,4,30,321,3,2,1,20,21,8.14474893,0.877904053,9.022652983
Probe,7/14/2021,2021,S,4,30,321,3,2,1,20,21,4.309460392,0.965073002,5.274533394
Probe,7/14/2021,2021,N,4,32,311,3,1,1,20,11,2.604557417,0.33632751,2.940884927
Probe,7/14/2021,2021,S,4,32,311,3,1,1,20,11,8.402010639,0.613806523,9.015817163
Probe,7/14/2021,2021,N,4,35,316,3,1,6,245,16,,14.85893106,14.85893106
Probe,7/14/2021,2021,S,4,35,316,3,1,6,245,16,10.19541856,0.44027657,10.63569513
Probe,7/14/2021,2021,N,4,36,315,3,1,5,200,15,20.92715099,8.435038896,29.36218989
Probe,7/14/2021,2021,S,4,36,315,3,1,5,200,15,4.248683834,2.330971267,6.579655101
Probe,7/27/2021,2021,N,5,2,111,1,1,1,20,11,2.475325758,0.018974222,2.49429998
Probe,7/27/2021,2021,S,5,2,111,1,1,1,20,11,2.614579284,0.060124945,2.674704229
Probe,7/27/2021,2021,N,5,3,115,1,1,5,200,15,3.403022901,0.077269005,3.480291907
Probe,7/27/2021,2021,S,5,3,115,1,1,5,200,15,2.269468231,0.116257889,2.38572612
Probe,7/27/2021,2021,N,5,6,116,1,1,6,245,16,1.966256561,0.231574023,2.197830584
Probe,7/27/2021,2021,S,5,6,116,1,1,6,245,16,1.207047037,1.89131421,3.098361247
Probe,7/27/2021,2021,N,5,8,121,1,2,1,20,21,7.400040116,8.774447156,16.17448727
Probe,7/27/2021,2021,S,5,8,121,1,2,1,20,21,2.220871924,0.744336134,2.965208058
Probe,7/27/2021,2021,N,5,9,126,1,2,6,245,26,1.864543881,1.532390549,3.39693443
Probe,7/27/2021,2021,S,5,9,126,1,2,6,245,26,3.186092178,2.907938681,6.094030859
Probe,7/27/2021,2021,N,5,10,125,1,2,5,200,25,6.56742163,9.609345982,16.17676761
Probe,7/27/2021,2021,S,5,10,125,1,2,5,200,25,2.60662606,9.555547639,12.1621737
Probe,7/27/2021,2021,N,5,13,226,2,2,6,245,26,1.853267877,1.471526957,3.324794834
Probe,7/27/2021,2021,S,5,13,226,2,2,6,245,26,7.427063586,4.633556984,12.06062057
Probe,7/27/2021,2021,N,5,14,221,2,2,1,20,21,2.433154366,0.017148873,2.450303239
Probe,7/27/2021,2021,S,5,14,221,2,2,1,20,21,3.962699008,0.657934626,4.620633634
Probe,7/27/2021,2021,N,5,15,225,2,2,5,200,25,2.565125189,1.183886834,3.749012023
Probe,7/27/2021,2021,S,5,15,225,2,2,5,200,25,7.692912781,2.847279994,10.54019278
Probe,7/27/2021,2021,N,5,20,215,2,1,5,200,15,2.08889062,0.434778029,2.523668649
Probe,7/27/2021,2021,S,5,20,215,2,1,5,200,15,1.275707631,1.398447757,2.674155388
Probe,7/27/2021,2021,N,5,22,216,2,1,6,245,16,14.86969971,34.8448323,49.71453201
Probe,7/27/2021,2021,S,5,22,216,2,1,6,245,16,1.373714434,1.403085502,2.776799936
Probe,7/27/2021,2021,N,5,23,211,2,1,1,20,11,0.574868913,-0.194741862,0.380127051
Probe,7/27/2021,2021,S,5,23,211,2,1,1,20,11,0.517480591,-0.100635797,0.416844793
Probe,7/27/2021,2021,N,5,26,326,3,2,6,245,26,42.26227994,26.78961885,69.05189879
Probe,7/27/2021,2021,S,5,26,326,3,2,6,245,26,2.086346542,0.774528461,2.860875003
Probe,7/27/2021,2021,N,5,28,325,3,2,5,200,25,5.157591346,1.564695935,6.722287281
Probe,7/27/2021,2021,S,5,28,325,3,2,5,200,25,0.760576315,0.339881184,1.100457499
Probe,7/27/2021,2021,N,5,30,321,3,2,1,20,21,0.789162222,0.373745639,1.162907861
Probe,7/27/2021,2021,S,5,30,321,3,2,1,20,21,0.900908803,1.991771015,2.892679818
Probe,7/27/2021,2021,N,5,32,311,3,1,1,20,11,1.445938537,0.134546675,1.580485212
Probe,7/27/2021,2021,S,5,32,311,3,1,1,20,11,0.784131043,0.14059019,0.924721233
Probe,7/27/2021,2021,N,5,35,316,3,1,6,245,16,26.59409192,2.305786105,28.89987803
Probe,7/27/2021,2021,S,5,35,316,3,1,6,245,16,1.786308748,0.23695526,2.023264008
Probe,7/27/2021,2021,N,5,36,315,3,1,5,200,15,1.039447158,0.402160158,1.441607316
Probe,7/27/2021,2021,S,5,36,315,3,1,5,200,15,0.311226183,0.442188281,0.753414464
Probe,8/10/2021,2021,N,6,2,111,1,1,1,20,11,0.623777563,-0.301841967,0.321935596
Probe,8/10/2021,2021,S,6,2,111,1,1,1,20,11,0.220951269,-0.283595192,-0.062643923
Probe,8/10/2021,2021,N,6,3,115,1,1,5,200,15,0.546150933,-0.261280028,0.284870905
Probe,8/10/2021,2021,S,6,3,115,1,1,5,200,15,0.551981376,-0.283391473,0.268589903
Probe,8/10/2021,2021,N,6,6,116,1,1,6,245,16,0.037246673,-0.736659626,-0.699412953
Probe,8/10/2021,2021,S,6,6,116,1,1,6,245,16,-0.073086861,-0.223860925,-0.296947786
Probe,8/10/2021,2021,N,6,8,121,1,2,1,20,21,-0.44650811,-0.354681836,-0.801189946
Probe,8/10/2021,2021,S,6,8,121,1,2,1,20,21,1.476156747,0.319880279,1.796037025
Probe,8/10/2021,2021,N,6,9,126,1,2,6,245,26,1.082242921,7.246840214,8.329083135
Probe,8/10/2021,2021,S,6,9,126,1,2,6,245,26,0.170443843,5.536817728,5.707261571
Probe,8/10/2021,2021,N,6,10,125,1,2,5,200,25,1.193392194,10.48721185,11.68060404
Probe,8/10/2021,2021,S,6,10,125,1,2,5,200,25,0,0.224903535,0.224903535
Probe,8/10/2021,2021,N,6,13,226,2,2,6,245,26,1.06416355,0.024032979,1.088196529
Probe,8/10/2021,2021,S,6,13,226,2,2,6,245,26,0.873538402,0.164652232,1.038190634
Probe,8/10/2021,2021,N,6,14,221,2,2,1,20,21,1.040011433,-0.238519917,0.801491517
Probe,8/10/2021,2021,S,6,14,221,2,2,1,20,21,0.250396723,-0.256693809,-0.006297086
Probe,8/10/2021,2021,N,6,15,225,2,2,5,200,25,1.503111274,3.970155085,5.473266359
Probe,8/10/2021,2021,S,6,15,225,2,2,5,200,25,0.894468573,6.021333406,6.915801979
Probe,8/10/2021,2021,N,6,20,215,2,1,5,200,15,0.62563819,-0.012882652,0.612755538
Probe,8/10/2021,2021,S,6,20,215,2,1,5,200,15,2.044109586,-0.175510293,1.868599294
Probe,8/10/2021,2021,N,6,22,216,2,1,6,245,16,0.797926513,-0.431668208,0.366258305
Probe,8/10/2021,2021,S,6,22,216,2,1,6,245,16,0.441274737,-0.090106639,0.351168098
Probe,8/10/2021,2021,N,6,23,211,2,1,1,20,11,0.671765648,-0.267812029,0.403953619
Probe,8/10/2021,2021,S,6,23,211,2,1,1,20,11,0.518611159,-0.304728179,0.21388298
Probe,8/10/2021,2021,N,6,26,326,3,2,6,245,26,1.238883028,0.099124995,1.338008024
Probe,8/10/2021,2021,S,6,26,326,3,2,6,245,26,1.431715085,4.443325117,5.875040202
Probe,8/10/2021,2021,N,6,28,325,3,2,5,200,25,1.485501871,-0.184889226,1.300612645
Probe,8/10/2021,2021,S,6,28,325,3,2,5,200,25,25.95884025,5.937190405,31.89603065
Probe,8/10/2021,2021,N,6,30,321,3,2,1,20,21,2.202145103,0.132491976,2.334637079
Probe,8/10/2021,2021,S,6,30,321,3,2,1,20,21,1.222431093,0.647982304,1.870413397
Probe,8/10/2021,2021,N,6,32,311,3,1,1,20,11,0.885944741,-0.284281767,0.601662974
Probe,8/10/2021,2021,S,6,32,311,3,1,1,20,11,1.843589567,-0.264593415,1.578996153
Probe,8/10/2021,2021,N,6,35,316,3,1,6,245,16,0.864855319,0.223766711,1.08862203
Probe,8/10/2021,2021,S,6,35,316,3,1,6,245,16,5.176013681,2.803142274,7.979155955
Probe,8/10/2021,2021,N,6,36,315,3,1,5,200,15,2.271661204,0.218037767,2.489698971
Probe,8/10/2021,2021,S,6,36,315,3,1,5,200,15,1.37143861,-0.410588772,0.960849838
Probe,8/24/2021,2021,N,7,2,111,1,1,1,20,11,4.938561883,0.16622567,5.104787554
Probe,8/24/2021,2021,S,7,2,111,1,1,1,20,11,1.592923274,-0.152677254,1.44024602
Probe,8/24/2021,2021,N,7,3,115,1,1,5,200,15,1.620541842,0.125327487,1.745869329
Probe,8/24/2021,2021,S,7,3,115,1,1,5,200,15,5.167513918,0.028044834,5.195558752
Probe,8/24/2021,2021,N,7,6,116,1,1,6,245,16,2.259934346,0.44917911,2.709113456
Probe,8/24/2021,2021,S,7,6,116,1,1,6,245,16,3.304704296,0.271676016,3.576380312
Probe,8/24/2021,2021,N,7,8,121,1,2,1,20,21,1.78288316,0.045507253,1.828390414
Probe,8/24/2021,2021,S,7,8,121,1,2,1,20,21,1.478781625,0.024076675,1.502858301
Probe,8/24/2021,2021,N,7,9,126,1,2,6,245,26,5.513599789,0.534673073,6.048272862
Probe,8/24/2021,2021,S,7,9,126,1,2,6,245,26,4.648618698,12.55954546,17.20816415
Probe,8/24/2021,2021,N,7,10,125,1,2,5,200,25,3.73128603,4.662011815,8.393297845
Probe,8/24/2021,2021,S,7,10,125,1,2,5,200,25,2.159400149,5.733305548,7.892705697
Probe,8/24/2021,2021,N,7,13,226,2,2,6,245,26,1.425528193,1.330685656,2.756213849
Probe,8/24/2021,2021,S,7,13,226,2,2,6,245,26,1.027227789,0.699900273,1.727128062
Probe,8/24/2021,2021,N,7,14,221,2,2,1,20,21,3.096626478,0.045709841,3.142336318
Probe,8/24/2021,2021,S,7,14,221,2,2,1,20,21,2.173185636,0.045127761,2.218313397
Probe,8/24/2021,2021,N,7,15,225,2,2,5,200,25,0.938768078,0.233823214,1.172591293
Probe,8/24/2021,2021,S,7,15,225,2,2,5,200,25,1.965329425,4.038608838,6.003938264
Probe,8/24/2021,2021,N,7,20,215,2,1,5,200,15,1.444852484,0.006834751,1.451687236
Probe,8/24/2021,2021,S,7,20,215,2,1,5,200,15,2.023773312,0.027247048,2.051020359
Probe,8/24/2021,2021,N,7,22,216,2,1,6,245,16,0.858407201,1.907433054,2.765840254
Probe,8/24/2021,2021,S,7,22,216,2,1,6,245,16,1.745176109,0.220963863,1.966139972
Probe,8/24/2021,2021,N,7,23,211,2,1,1,20,11,1.552145815,-0.102792107,1.449353708
Probe,8/24/2021,2021,S,7,23,211,2,1,1,20,11,1.010065623,-0.091667376,0.918398248
Probe,8/24/2021,2021,N,7,26,326,3,2,6,245,26,3.144196022,0.889460978,4.033657
Probe,8/24/2021,2021,S,7,26,326,3,2,6,245,26,2.088561194,7.384133006,9.4726942
Probe,8/24/2021,2021,N,7,28,325,3,2,5,200,25,3.041392877,-0.012674305,3.028718571
Probe,8/24/2021,2021,S,7,28,325,3,2,5,200,25,3.19617617,-0.013009577,3.183166593
Probe,8/24/2021,2021,N,7,30,321,3,2,1,20,21,3.394466027,0.065287646,3.459753673
Probe,8/24/2021,2021,S,7,30,321,3,2,1,20,21,2.855590995,-0.012653185,2.842937811
Probe,8/24/2021,2021,N,7,32,311,3,1,1,20,11,3.578904147,-0.032968364,3.545935783
Probe,8/24/2021,2021,S,7,32,311,3,1,1,20,11,1.685518343,-0.26070512,1.424813223
Probe,8/24/2021,2021,N,7,35,316,3,1,6,245,16,2.12767603,0.645045196,2.772721225
Probe,8/24/2021,2021,S,7,35,316,3,1,6,245,16,2.52087183,0.105365124,2.626236954
Probe,8/24/2021,2021,N,7,36,315,3,1,5,200,15,1.14446145,0.046738943,1.191200393
Probe,8/24/2021,2021,S,7,36,315,3,1,5,200,15,2.357203846,0.412570411,2.769774257
Probe,9/23/2021,2021,N,8,2,111,1,1,1,20,11,2.313908003,0.005869457,2.31977746
Probe,9/23/2021,2021,S,8,2,111,1,1,1,20,11,3.361163836,0.369122417,3.730286253
Probe,9/23/2021,2021,N,8,3,115,1,1,5,200,15,2.364763642,0.058294869,2.423058511
Probe,9/23/2021,2021,S,8,3,115,1,1,5,200,15,2.530830006,0.329380059,2.860210064
Probe,9/23/2021,2021,N,8,6,116,1,1,6,245,16,2.669159517,0.80168775,3.470847266
Probe,9/23/2021,2021,S,8,6,116,1,1,6,245,16,1.174033116,0.074203115,1.248236231
Probe,9/23/2021,2021,N,8,8,121,1,2,1,20,21,2.024541449,0.040006813,2.064548262
Probe,9/23/2021,2021,S,8,8,121,1,2,1,20,21,4.25176474,1.046309403,5.298074143
Probe,9/23/2021,2021,N,8,9,126,1,2,6,245,26,6.818613272,10.46368834,17.28230161
Probe,9/23/2021,2021,S,8,9,126,1,2,6,245,26,2.23761246,4.337254548,6.574867008
Probe,9/23/2021,2021,N,8,10,125,1,2,5,200,25,2.637691133,11.97450334,14.61219448
Probe,9/23/2021,2021,S,8,10,125,1,2,5,200,25,6.147961227,13.57507071,19.72303194
Probe,9/23/2021,2021,N,8,13,226,2,2,6,245,26,26.85538176,21.91347196,48.76885372
Probe,9/23/2021,2021,S,8,13,226,2,2,6,245,26,4.527881021,3.031427821,7.559308841
Probe,9/23/2021,2021,N,8,14,221,2,2,1,20,21,1.802182664,0.900402532,2.702585196
Probe,9/23/2021,2021,S,8,14,221,2,2,1,20,21,0.942140988,2.735041458,3.677182446
Probe,9/23/2021,2021,N,8,15,225,2,2,5,200,25,2.524112611,2.329404831,4.853517441
Probe,9/23/2021,2021,S,8,15,225,2,2,5,200,25,5.022252776,6.940845197,11.96309797
Probe,9/23/2021,2021,N,8,20,215,2,1,5,200,15,1.145837666,0.160440504,1.30627817
Probe,9/23/2021,2021,S,8,20,215,2,1,5,200,15,3.396412299,0.659201202,4.055613501
Probe,9/23/2021,2021,N,8,22,216,2,1,6,245,16,2.203640694,0.1145026,2.318143293
Probe,9/23/2021,2021,S,8,22,216,2,1,6,245,16,1.48502571,-0.089346515,1.395679195
Probe,9/23/2021,2021,N,8,23,211,2,1,1,20,11,3.042786156,0.269208525,3.311994681
Probe,9/23/2021,2021,S,8,23,211,2,1,1,20,11,1.440401969,0.07621835,1.516620319
Probe,9/23/2021,2021,N,8,26,326,3,2,6,245,26,1.031807444,1.478600697,2.510408141
Probe,9/23/2021,2021,S,8,26,326,3,2,6,245,26,0.54411934,0.509785607,1.053904947
Probe,9/23/2021,2021,N,8,28,325,3,2,5,200,25,7.064962463,3.866309078,10.93127154
Probe,9/23/2021,2021,S,8,28,325,3,2,5,200,25,1.345934599,0.173875062,1.519809661
Probe,9/23/2021,2021,N,8,30,321,3,2,1,20,21,-0.131464891,0.143810547,0.012345657
Probe,9/23/2021,2021,S,8,30,321,3,2,1,20,21,0.939763814,0.24388782,1.183651634
Probe,9/23/2021,2021,N,8,32,311,3,1,1,20,11,1.198939344,1.337010961,2.535950305
Probe,9/23/2021,2021,S,8,32,311,3,1,1,20,11,-0.070068054,0.392437923,0.32236987
Probe,9/23/2021,2021,N,8,35,316,3,1,6,245,16,1.070171933,0.813615691,1.883787624
Probe,9/23/2021,2021,S,8,35,316,3,1,6,245,16,0.432399866,0.372583063,0.804982929
Probe,9/23/2021,2021,N,8,36,315,3,1,5,200,15,1.105982443,0.415616818,1.52159926
Probe,9/23/2021,2021,S,8,36,315,3,1,5,200,15,-0.129297759,0.07354875,-0.055749009
Probe,5/26/2022,2022,S,1,2,111,1,1,1,20,11,9.780291684,4.698978893,14.47927058
Probe,5/26/2022,2022,S,1,2,111,1,1,1,20,11,10.70323526,2.981054222,13.68428948
Probe,5/26/2022,2022,S,1,3,115,1,1,5,200,15,6.860542494,6.33253475,13.19307724
Probe,5/26/2022,2022,S,1,3,115,1,1,5,200,15,8.67998452,4.458156453,13.13814097
Probe,5/26/2022,2022,S,1,6,116,1,1,6,245,16,1.410241332,0.94522844,2.355469772
Probe,5/26/2022,2022,S,1,6,116,1,1,6,245,16,2.333858238,1.091041191,3.424899429
Probe,5/26/2022,2022,S,1,8,121,1,2,1,20,21,3.450224797,0.616468676,4.066693473
Probe,5/26/2022,2022,S,1,8,121,1,2,1,20,21,2.489548219,0.935710339,3.425258558
Probe,5/26/2022,2022,S,1,9,126,1,2,6,245,26,5.499626465,4.936543895,10.43617036
Probe,5/26/2022,2022,S,1,9,126,1,2,6,245,26,2.404082779,6.017537245,8.421620024
Probe,5/26/2022,2022,S,1,10,125,1,2,5,200,25,3.234819157,5.430646967,8.665466124
Probe,5/26/2022,2022,S,1,10,125,1,2,5,200,25,4.199867469,12.06430038,16.26416785
Probe,5/26/2022,2022,S,1,13,226,2,2,6,245,26,21.86756694,11.77414195,33.64170889
Probe,5/26/2022,2022,S,1,13,226,2,2,6,245,26,15.65110302,13.01546072,28.66656374
Probe,5/26/2022,2022,S,1,14,221,2,2,1,20,21,25.21087213,3.129304049,28.34017618
Probe,5/26/2022,2022,S,1,14,221,2,2,1,20,21,33.71110444,5.033726641,38.74483108
Probe,5/26/2022,2022,S,1,15,225,2,2,5,200,25,2.902976792,4.691024916,7.594001708
Probe,5/26/2022,2022,S,1,15,225,2,2,5,200,25,1.876569104,4.288515759,6.165084864
Probe,5/26/2022,2022,S,1,20,215,2,1,5,200,15,0.262354154,0.572558205,0.834912359
Probe,5/26/2022,2022,S,1,20,215,2,1,5,200,15,1.797656957,1.940667635,3.738324592
Probe,5/26/2022,2022,S,1,22,216,2,1,6,245,16,50.91390926,10.70827294,61.6221822
Probe,5/26/2022,2022,S,1,22,216,2,1,6,245,16,36.41098293,6.22803753,42.63902046
Probe,5/26/2022,2022,S,1,23,211,2,1,1,20,11,5.545589506,1.944355428,7.489944933
Probe,5/26/2022,2022,S,1,23,211,2,1,1,20,11,5.434078353,2.160019942,7.594098295
Probe,5/26/2022,2022,S,1,26,326,3,2,6,245,26,3.991411527,5.959295551,9.950707077
Probe,5/26/2022,2022,S,1,26,326,3,2,6,245,26,1.74547738,5.105121922,6.850599302
Probe,5/26/2022,2022,S,1,28,325,3,2,5,200,25,1.972561261,0.852281523,2.824842785
Probe,5/26/2022,2022,S,1,28,325,3,2,5,200,25,3.332628561,1.857679366,5.190307927
Probe,5/26/2022,2022,S,1,30,321,3,2,1,20,21,7.853107927,0.861734683,8.714842611
Probe,5/26/2022,2022,S,1,30,321,3,2,1,20,21,15.58936302,2.224111655,17.81347468
Probe,5/26/2022,2022,S,1,32,311,3,1,1,20,11,1.617323414,1.50335881,3.120682223
Probe,5/26/2022,2022,S,1,32,311,3,1,1,20,11,1.457017215,0.842210656,2.299227871
Probe,5/26/2022,2022,S,1,35,316,3,1,6,245,16,2.22925485,3.227952604,5.457207454
Probe,5/26/2022,2022,S,1,35,316,3,1,6,245,16,0.740699063,1.588132243,2.328831306
Probe,5/26/2022,2022,S,1,36,315,3,1,5,200,15,1.839932328,1.347229495,3.187161824
Probe,5/26/2022,2022,S,1,36,315,3,1,5,200,15,1.372021845,1.164443063,2.536464907
Probe,6/9/2022,2022,S,2,2,111,1,1,1,20,11,-0.096821771,0.821732104,0.724910333
Probe,6/9/2022,2022,S,2,2,111,1,1,1,20,11,0.677718917,0.870993002,1.548711919
Probe,6/9/2022,2022,S,2,3,115,1,1,5,200,15,1.515088937,2.837198795,4.352287731
Probe,6/9/2022,2022,S,2,3,115,1,1,5,200,15,0,1.837220988,1.837220988
Probe,6/9/2022,2022,S,2,6,116,1,1,6,245,16,0.51090368,0.756841271,1.267744952
Probe,6/9/2022,2022,S,2,6,116,1,1,6,245,16,1.625895164,0.990286094,2.616181258
Probe,6/9/2022,2022,S,2,8,121,1,2,1,20,21,1.15246682,0.896596629,2.049063449
Probe,6/9/2022,2022,S,2,8,121,1,2,1,20,21,0.282074879,0.813955309,1.096030188
Probe,6/9/2022,2022,S,2,9,126,1,2,6,245,26,0,6.516867523,6.516867523
Probe,6/9/2022,2022,S,2,9,126,1,2,6,245,26,0.742476914,4.553844637,5.296321552
Probe,6/9/2022,2022,S,2,10,125,1,2,5,200,25,2.280043697,10.02879656,12.30884026
Probe,6/9/2022,2022,S,2,10,125,1,2,5,200,25,2.930384918,8.866061719,11.79644664
Probe,6/9/2022,2022,S,2,13,226,2,2,6,245,26,0.622179454,1.689751635,2.311931088
Probe,6/9/2022,2022,S,2,13,226,2,2,6,245,26,2.564971596,1.757650498,4.322622093
Probe,6/9/2022,2022,S,2,14,221,2,2,1,20,21,0.895097654,1.759246625,2.654344279
Probe,6/9/2022,2022,S,2,14,221,2,2,1,20,21,0.434719864,2.361275663,2.795995527
Probe,6/9/2022,2022,S,2,15,225,2,2,5,200,25,3.932941057,9.3296655,13.26260656
Probe,6/9/2022,2022,S,2,15,225,2,2,5,200,25,15.97611299,5.62763157,21.60374456
Probe,6/9/2022,2022,S,2,20,215,2,1,5,200,15,1.728221158,1.744245061,3.472466218
Probe,6/9/2022,2022,S,2,20,215,2,1,5,200,15,0.144065619,2.380176555,2.524242173
Probe,6/9/2022,2022,S,2,22,216,2,1,6,245,16,2.679895127,1.755710278,4.435605405
Probe,6/9/2022,2022,S,2,22,216,2,1,6,245,16,0.915439734,0.994482076,1.909921809
Probe,6/9/2022,2022,S,2,23,211,2,1,1,20,11,1.890787712,2.880271558,4.77105927
Probe,6/9/2022,2022,S,2,23,211,2,1,1,20,11,0.87933531,4.859223233,5.738558543
Probe,6/9/2022,2022,S,2,26,326,3,2,6,245,26,1.8829124,4.921959818,6.804872218
Probe,6/9/2022,2022,S,2,26,326,3,2,6,245,26,1.336561941,4.650826933,5.987388874
Probe,6/9/2022,2022,S,2,28,325,3,2,5,200,25,1.633186619,10.735937,12.36912362
Probe,6/9/2022,2022,S,2,28,325,3,2,5,200,25,1.390931152,4.738830181,6.129761334
Probe,6/9/2022,2022,S,2,30,321,3,2,1,20,21,1.21845275,0.383002986,1.601455737
Probe,6/9/2022,2022,S,2,30,321,3,2,1,20,21,0.954712685,0.162054062,1.116766747
Probe,6/9/2022,2022,S,2,32,311,3,1,1,20,11,1.296426647,1.506544037,2.802970683
Probe,6/9/2022,2022,S,2,32,311,3,1,1,20,11,1.09405423,1.671354545,2.765408775
Probe,6/9/2022,2022,S,2,35,316,3,1,6,245,16,1.253302906,1.325515897,2.578818803
Probe,6/9/2022,2022,S,2,35,316,3,1,6,245,16,2.268110776,3.381232409,5.649343185
Probe,6/9/2022,2022,S,2,36,315,3,1,5,200,15,1.83455014,0.974119051,2.808669191
Probe,6/9/2022,2022,S,2,36,315,3,1,5,200,15,1.776993676,1.157603231,2.934596907
Probe,6/22/2022,2022,S,3,2,111,1,1,1,20,11,2.121092968,2.158582337,4.279675305
Probe,6/22/2022,2022,S,3,2,111,1,1,1,20,11,2.578730264,3.362387313,5.941117577
Probe,6/22/2022,2022,S,3,3,115,1,1,5,200,15,2.129891716,4.237332822,6.367224537
Probe,6/22/2022,2022,S,3,3,115,1,1,5,200,15,1.732050424,4.563852649,6.295903073
Probe,6/22/2022,2022,S,3,6,116,1,1,6,245,16,1.062526925,0.743928146,1.806455071
Probe,6/22/2022,2022,S,3,6,116,1,1,6,245,16,1.483450629,1.011783931,2.49523456
Probe,6/22/2022,2022,S,3,8,121,1,2,1,20,21,1.310862196,1.802141679,3.113003875
Probe,6/22/2022,2022,S,3,8,121,1,2,1,20,21,4.972127136,2.030457942,7.002585078
Probe,6/22/2022,2022,S,3,9,126,1,2,6,245,26,0.954251736,7.899185327,8.853437063
Probe,6/22/2022,2022,S,3,9,126,1,2,6,245,26,1.255485201,15.39189678,16.64738198
Probe,6/22/2022,2022,S,3,10,125,1,2,5,200,25,0.750788818,9.083737497,9.834526315
Probe,6/22/2022,2022,S,3,10,125,1,2,5,200,25,1.34674691,6.506462271,7.853209181
Probe,6/22/2022,2022,S,3,13,226,2,2,6,245,26,0.843526404,1.340738893,2.184265297
Probe,6/22/2022,2022,S,3,13,226,2,2,6,245,26,1.423441657,1.967797947,3.391239605
Probe,6/22/2022,2022,S,3,14,221,2,2,1,20,21,0.436420347,0.47514102,0.911561366
Probe,6/22/2022,2022,S,3,14,221,2,2,1,20,21,0.755645205,0.614215789,1.369860994
Probe,6/22/2022,2022,S,3,15,225,2,2,5,200,25,2.426628265,6.681560554,9.10818882
Probe,6/22/2022,2022,S,3,15,225,2,2,5,200,25,0.661564048,7.065202497,7.726766546
Probe,6/22/2022,2022,S,3,20,215,2,1,5,200,15,3.42812032,1.447230829,4.875351149
Probe,6/22/2022,2022,S,3,20,215,2,1,5,200,15,1.914104702,2.103616966,4.017721668
Probe,6/22/2022,2022,S,3,22,216,2,1,6,245,16,0.858006976,1.240245083,2.098252059
Probe,6/22/2022,2022,S,3,22,216,2,1,6,245,16,1.095581799,1.38902139,2.484603189
Probe,6/22/2022,2022,S,3,23,211,2,1,1,20,11,2.341241944,1.650369051,3.991610995
Probe,6/22/2022,2022,S,3,23,211,2,1,1,20,11,2.192645657,2.353619727,4.546265384
Probe,6/22/2022,2022,S,3,26,326,3,2,6,245,26,0.858806506,3.02636735,3.885173856
Probe,6/22/2022,2022,S,3,26,326,3,2,6,245,26,0.996737628,3.157298559,4.154036187
Probe,6/22/2022,2022,S,3,28,325,3,2,5,200,25,0.029444604,0.687350414,0.716795018
Probe,6/22/2022,2022,S,3,28,325,3,2,5,200,25,1.069517455,0.946147431,2.015664887
Probe,6/22/2022,2022,S,3,30,321,3,2,1,20,21,1.230043308,1.707356098,2.937399406
Probe,6/22/2022,2022,S,3,30,321,3,2,1,20,21,0.895347665,1.299937552,2.195285218
Probe,6/22/2022,2022,S,3,32,311,3,1,1,20,11,0.789943703,1.008248113,1.798191815
Probe,6/22/2022,2022,S,3,32,311,3,1,1,20,11,0.840061403,1.002683251,1.842744653
Probe,6/22/2022,2022,S,3,35,316,3,1,6,245,16,0.842134713,1.917684814,2.759819527
Probe,6/22/2022,2022,S,3,35,316,3,1,6,245,16,1.420965974,1.677561064,3.098527037
Probe,6/22/2022,2022,S,3,36,315,3,1,5,200,15,1.887208109,4.325601348,6.212809457
Probe,6/22/2022,2022,S,3,36,315,3,1,5,200,15,1.993519255,5.72327274,7.716791995
Probe,7/6/2022,2022,S,4,2,111,1,1,1,20,11,1.208992663,4.400086472,5.609079135
Probe,7/6/2022,2022,S,4,2,111,1,1,1,20,11,1.276734952,2.453286427,3.730021379
Probe,7/6/2022,2022,S,4,3,115,1,1,5,200,15,1.301183061,2.055076123,3.356259184
Probe,7/6/2022,2022,S,4,3,115,1,1,5,200,15,2.16877849,2.101237031,4.270015521
Probe,7/6/2022,2022,S,4,6,116,1,1,6,245,16,1.794274973,2.363646088,4.157921061
Probe,7/6/2022,2022,S,4,6,116,1,1,6,245,16,1.803773156,3.05515209,4.858925246
Probe,7/6/2022,2022,S,4,8,121,1,2,1,20,21,0.629955192,2.203412643,2.833367835
Probe,7/6/2022,2022,S,4,8,121,1,2,1,20,21,0.984383931,5.471748309,6.45613224
Probe,7/6/2022,2022,S,4,9,126,1,2,6,245,26,6.610055009,21.38461825,27.99467326
Probe,7/6/2022,2022,S,4,9,126,1,2,6,245,26,-2.381992928,28.18258853,25.80059561
Probe,7/6/2022,2022,S,4,10,125,1,2,5,200,25,1.12990556,5.746115349,6.876020909
Probe,7/6/2022,2022,S,4,10,125,1,2,5,200,25,0.797748198,6.051962085,6.849710283
Probe,7/6/2022,2022,S,4,13,226,2,2,6,245,26,2.08659554,6.597481097,8.684076638
Probe,7/6/2022,2022,S,4,13,226,2,2,6,245,26,2.656947331,7.130294372,9.787241703
Probe,7/6/2022,2022,S,4,14,221,2,2,1,20,21,1.350975658,-0.382986559,0.967989099
Probe,7/6/2022,2022,S,4,14,221,2,2,1,20,21,0.253122225,-0.459373188,-0.206250964
Probe,7/6/2022,2022,S,4,15,225,2,2,5,200,25,2.43932905,15.23315465,17.6724837
Probe,7/6/2022,2022,S,4,15,225,2,2,5,200,25,1.945703336,17.25027354,19.19597687
Probe,7/6/2022,2022,S,4,20,215,2,1,5,200,15,1.292951525,3.031403728,4.324355253
Probe,7/6/2022,2022,S,4,20,215,2,1,5,200,15,1.080587052,2.518165475,3.598752526
Probe,7/6/2022,2022,S,4,22,216,2,1,6,245,16,1.119125814,3.610054025,4.729179839
Probe,7/6/2022,2022,S,4,22,216,2,1,6,245,16,2.241293661,7.28110866,9.52240232
Probe,7/6/2022,2022,S,4,23,211,2,1,1,20,11,1.339531859,3.613677382,4.953209241
Probe,7/6/2022,2022,S,4,23,211,2,1,1,20,11,1.794544328,2.543229072,4.3377734
Probe,7/6/2022,2022,S,4,26,326,3,2,6,245,26,1.685482421,8.066414443,9.751896863
Probe,7/6/2022,2022,S,4,26,326,3,2,6,245,26,3.221961262,6.18768769,9.409648952
Probe,7/6/2022,2022,S,4,28,325,3,2,5,200,25,1.831106479,9.779566113,11.61067259
Probe,7/6/2022,2022,S,4,28,325,3,2,5,200,25,0.776662105,1.853947183,2.630609288
Probe,7/6/2022,2022,S,4,30,321,3,2,1,20,21,0.29314285,0.498822616,0.791965466
Probe,7/6/2022,2022,S,4,30,321,3,2,1,20,21,2.140880645,1.884633362,4.025514007
Probe,7/6/2022,2022,S,4,32,311,3,1,1,20,11,2.071451609,3.300318958,5.371770567
Probe,7/6/2022,2022,S,4,32,311,3,1,1,20,11,1.911315504,2.775429394,4.686744897
Probe,7/6/2022,2022,S,4,35,316,3,1,6,245,16,0.861621673,6.49643109,7.358052763
Probe,7/6/2022,2022,S,4,35,316,3,1,6,245,16,,7.486683334,7.486683334
Probe,7/6/2022,2022,S,4,36,315,3,1,5,200,15,,3.287699091,3.287699091
Probe,7/6/2022,2022,S,4,36,315,3,1,5,200,15,2.173537982,3.616908939,5.790446921
Probe,7/20/2022,2022,S,5,2,111,1,1,1,20,11,2.002499198,1.873879593,3.876378791
Probe,7/20/2022,2022,S,5,2,111,1,1,1,20,11,1.102204375,-0.188698765,0.91350561
Probe,7/20/2022,2022,S,5,3,115,1,1,5,200,15,2.996579759,6.83618712,9.832766879
Probe,7/20/2022,2022,S,5,3,115,1,1,5,200,15,1.625220317,3.478662481,5.103882799
Probe,7/20/2022,2022,S,5,6,116,1,1,6,245,16,1.702473749,5.599673028,7.302146777
Probe,7/20/2022,2022,S,5,6,116,1,1,6,245,16,2.003055283,3.293942657,5.296997941
Probe,7/20/2022,2022,S,5,8,121,1,2,1,20,21,1.03842798,2.214171162,3.252599141
Probe,7/20/2022,2022,S,5,8,121,1,2,1,20,21,0.88381513,1.617906174,2.501721304
Probe,7/20/2022,2022,S,5,9,126,1,2,6,245,26,34.50081543,4.347022118,38.84783755
Probe,7/20/2022,2022,S,5,9,126,1,2,6,245,26,28.51330368,7.729115295,36.24241898
Probe,7/20/2022,2022,S,5,10,125,1,2,5,200,25,38.08539053,20.81346163,58.89885216
Probe,7/20/2022,2022,S,5,10,125,1,2,5,200,25,38.01831476,59.70527199,97.72358675
Probe,7/20/2022,2022,S,5,13,226,2,2,6,245,26,64.93720646,28.82825901,93.76546547
Probe,7/20/2022,2022,S,5,13,226,2,2,6,245,26,16.16035185,7.948166816,24.10851866
Probe,7/20/2022,2022,S,5,14,221,2,2,1,20,21,0.644111988,2.655318328,3.299430315
Probe,7/20/2022,2022,S,5,14,221,2,2,1,20,21,1.504394369,3.010916102,4.515310471
Probe,7/20/2022,2022,S,5,15,225,2,2,5,200,25,55.54372949,33.66716555,89.21089503
Probe,7/20/2022,2022,S,5,15,225,2,2,5,200,25,21.02266954,14.12558583,35.14825537
Probe,7/20/2022,2022,S,5,20,215,2,1,5,200,15,4.589712729,13.84986551,18.43957824
Probe,7/20/2022,2022,S,5,20,215,2,1,5,200,15,1.778659288,10.23070106,12.00936035
Probe,7/20/2022,2022,S,5,22,216,2,1,6,245,16,1.695652032,26.45320833,28.14886036
Probe,7/20/2022,2022,S,5,22,216,2,1,6,245,16,1.230759702,29.34978486,30.58054456
Probe,7/20/2022,2022,S,5,23,211,2,1,1,20,11,0.555126271,3.167367693,3.722493964
Probe,7/20/2022,2022,S,5,23,211,2,1,1,20,11,0.996422627,2.682222277,3.678644904
Probe,7/20/2022,2022,S,5,26,326,3,2,6,245,26,2.207788459,9.314502923,11.52229138
Probe,7/20/2022,2022,S,5,26,326,3,2,6,245,26,2.298306518,7.285211186,9.583517704
Probe,7/20/2022,2022,S,5,28,325,3,2,5,200,25,1.03073397,6.690191404,7.720925374
Probe,7/20/2022,2022,S,5,28,325,3,2,5,200,25,1.747022607,15.03101412,16.77803673
Probe,7/20/2022,2022,S,5,30,321,3,2,1,20,21,1.354933912,2.338270698,3.693204609
Probe,7/20/2022,2022,S,5,30,321,3,2,1,20,21,1.147863382,1.745847443,2.893710826
Probe,7/20/2022,2022,S,5,32,311,3,1,1,20,11,0.815431314,3.391362378,4.206793693
Probe,7/20/2022,2022,S,5,32,311,3,1,1,20,11,0.209769361,1.646764035,1.856533396
Probe,7/20/2022,2022,S,5,35,316,3,1,6,245,16,1.905139257,15.81575019,17.72088944
Probe,7/20/2022,2022,S,5,35,316,3,1,6,245,16,0.64602435,8.801092724,9.447117074
Probe,7/20/2022,2022,S,5,36,315,3,1,5,200,15,48.05236819,19.12023471,67.1726029
Probe,7/20/2022,2022,S,5,36,315,3,1,5,200,15,23.14912577,19.33242232,42.48154809
Probe,8/2/2022,2022,S,6,2,111,1,1,1,20,11,2.112766007,0.6079253,2.720691307
Probe,8/2/2022,2022,S,6,2,111,1,1,1,20,11,1.157806931,0.519680657,1.677487587
Probe,8/2/2022,2022,S,6,3,115,1,1,5,200,15,8.658794492,1.170456457,9.829250949
Probe,8/2/2022,2022,S,6,3,115,1,1,5,200,15,5.959512469,1.104906601,7.06441907
Probe,8/2/2022,2022,S,6,6,116,1,1,6,245,16,11.1088574,1.307263113,12.41612051
Probe,8/2/2022,2022,S,6,6,116,1,1,6,245,16,2.495788346,0.844197293,3.339985639
Probe,8/2/2022,2022,S,6,8,121,1,2,1,20,21,19.0382955,0.972398796,20.01069429
Probe,8/2/2022,2022,S,6,8,121,1,2,1,20,21,6.507719256,0.556007652,7.063726909
Probe,8/2/2022,2022,S,6,9,126,1,2,6,245,26,7.778048154,8.696315726,16.47436388
Probe,8/2/2022,2022,S,6,9,126,1,2,6,245,26,13.02086865,10.66429466,23.6851633
Probe,8/2/2022,2022,S,6,10,125,1,2,5,200,25,9.173643384,9.366634575,18.54027796
Probe,8/2/2022,2022,S,6,10,125,1,2,5,200,25,9.320452775,9.033579199,18.35403197
Probe,8/2/2022,2022,S,6,13,226,2,2,6,245,26,10.58316845,4.695021629,15.27819008
Probe,8/2/2022,2022,S,6,13,226,2,2,6,245,26,7.259940292,5.253413643,12.51335393
Probe,8/2/2022,2022,S,6,14,221,2,2,1,20,21,7.554985504,0.650006982,8.204992486
Probe,8/2/2022,2022,S,6,14,221,2,2,1,20,21,5.429322489,0.428902634,5.858225124
Probe,8/2/2022,2022,S,6,15,225,2,2,5,200,25,7.396430142,7.817201328,15.21363147
Probe,8/2/2022,2022,S,6,15,225,2,2,5,200,25,7.280031397,9.28779779,16.56782919
Probe,8/2/2022,2022,S,6,20,215,2,1,5,200,15,8.024343132,1.172223959,9.196567091
Probe,8/2/2022,2022,S,6,20,215,2,1,5,200,15,9.302526449,1.355957651,10.6584841
Probe,8/2/2022,2022,S,6,22,216,2,1,6,245,16,9.995782985,6.391353132,16.38713612
Probe,8/2/2022,2022,S,6,22,216,2,1,6,245,16,6.589089712,3.062956046,9.652045758
Probe,8/2/2022,2022,S,6,23,211,2,1,1,20,11,8.237738761,0.236640131,8.474378891
Probe,8/2/2022,2022,S,6,23,211,2,1,1,20,11,6.369442187,0.223829935,6.593272122
Probe,8/2/2022,2022,S,6,26,326,3,2,6,245,26,30.56891872,8.809083176,39.37800189
Probe,8/2/2022,2022,S,6,26,326,3,2,6,245,26,14.80713939,7.401306755,22.20844614
Probe,8/2/2022,2022,S,6,28,325,3,2,5,200,25,10.31069991,3.058269106,13.36896902
Probe,8/2/2022,2022,S,6,28,325,3,2,5,200,25,4.682472828,4.431668338,9.114141166
Probe,8/2/2022,2022,S,6,30,321,3,2,1,20,21,7.193315377,0.496394554,7.689709931
Probe,8/2/2022,2022,S,6,30,321,3,2,1,20,21,11.06840081,0.899100713,11.96750152
Probe,8/2/2022,2022,S,6,32,311,3,1,1,20,11,6.288034961,0.516500488,6.804535449
Probe,8/2/2022,2022,S,6,32,311,3,1,1,20,11,10.34870148,0.844923972,11.19362545
Probe,8/2/2022,2022,S,6,35,316,3,1,6,245,16,9.98898607,8.381679198,18.37066527
Probe,8/2/2022,2022,S,6,35,316,3,1,6,245,16,7.788341213,4.441307524,12.22964874
Probe,8/2/2022,2022,S,6,36,315,3,1,5,200,15,6.858116686,0.590596366,7.448713052
Probe,8/2/2022,2022,S,6,36,315,3,1,5,200,15,5.96663059,0.480451903,6.447082493
Probe,8/17/2022,2022,S,7,2,111,1,1,1,20,11,13.363841,0.175173014,13.53901401
Probe,8/17/2022,2022,S,7,2,111,1,1,1,20,11,10.22893672,0.041911822,10.27084854
Probe,8/17/2022,2022,S,7,3,115,1,1,5,200,15,9.426094798,0.157762173,9.583856971
Probe,8/17/2022,2022,S,7,3,115,1,1,5,200,15,11.41951632,0.288802079,11.7083184
Probe,8/17/2022,2022,S,7,6,116,1,1,6,245,16,10.19831971,0.050797053,10.24911676
Probe,8/17/2022,2022,S,7,6,116,1,1,6,245,16,10.0925843,0.265408931,10.35799323
Probe,8/17/2022,2022,S,7,8,121,1,2,1,20,21,9.397648992,0.19770714,9.595356132
Probe,8/17/2022,2022,S,7,8,121,1,2,1,20,21,6.306409625,-0.025732969,6.280676655
Probe,8/17/2022,2022,S,7,9,126,1,2,6,245,26,9.252221161,1.211148652,10.46336981
Probe,8/17/2022,2022,S,7,9,126,1,2,6,245,26,6.39760898,2.488267606,8.885876586
Probe,8/17/2022,2022,S,7,10,125,1,2,5,200,25,12.85802785,15.85417767,28.71220552
Probe,8/17/2022,2022,S,7,10,125,1,2,5,200,25,16.34566724,15.71490742,32.06057466
Probe,8/17/2022,2022,S,7,13,226,2,2,6,245,26,9.416044742,5.237981714,14.65402646
Probe,8/17/2022,2022,S,7,13,226,2,2,6,245,26,8.45460915,4.086755218,12.54136437
Probe,8/17/2022,2022,S,7,14,221,2,2,1,20,21,7.047947092,0,7.047947092
Probe,8/17/2022,2022,S,7,14,221,2,2,1,20,21,7.827785169,0.026113812,7.853898981
Probe,8/17/2022,2022,S,7,15,225,2,2,5,200,25,6.215211916,10.47710488,16.69231679
Probe,8/17/2022,2022,S,7,15,225,2,2,5,200,25,11.51530317,15.16939106,26.68469423
Probe,8/17/2022,2022,S,7,20,215,2,1,5,200,15,7.555171348,13.11903706,20.67420841
Probe,8/17/2022,2022,S,7,20,215,2,1,5,200,15,3.943873283,5.940685184,9.884558466
Probe,8/17/2022,2022,S,7,22,216,2,1,6,245,16,10.60747909,1.641372398,12.24885149
Probe,8/17/2022,2022,S,7,22,216,2,1,6,245,16,13.59564731,1.544193965,15.13984128
Probe,8/17/2022,2022,S,7,23,211,2,1,1,20,11,11.25425712,0.107244586,11.36150171
Probe,8/17/2022,2022,S,7,23,211,2,1,1,20,11,8.458214873,0.021722283,8.479937156
Probe,8/17/2022,2022,S,7,26,326,3,2,6,245,26,10.615712,7.47169551,18.08740751
Probe,8/17/2022,2022,S,7,26,326,3,2,6,245,26,8.613019168,5.557357885,14.17037705
Probe,8/17/2022,2022,S,7,28,325,3,2,5,200,25,9.35652389,0.46413911,9.820662999
Probe,8/17/2022,2022,S,7,28,325,3,2,5,200,25,10.79983653,3.111736322,13.91157285
Probe,8/17/2022,2022,S,7,30,321,3,2,1,20,21,10.50958954,0.348348579,10.85793812
Probe,8/17/2022,2022,S,7,30,321,3,2,1,20,21,13.74950645,0.890308159,14.63981461
Probe,8/17/2022,2022,S,7,32,311,3,1,1,20,11,7.086050018,0.632662619,7.718712636
Probe,8/17/2022,2022,S,7,32,311,3,1,1,20,11,12.97553345,0.172952879,13.14848633
Probe,8/17/2022,2022,S,7,35,316,3,1,6,245,16,8.779350632,9.098769397,17.87812003
Probe,8/17/2022,2022,S,7,35,316,3,1,6,245,16,11.2973388,8.150799533,19.44813833
Probe,8/17/2022,2022,S,7,36,315,3,1,5,200,15,10.84617225,3.552277241,14.39844949
Probe,8/17/2022,2022,S,7,36,315,3,1,5,200,15,10.55787985,3.201956349,13.7598362
Probe,9/1/2022,2022,S,8,2,111,1,1,1,20,11,6.817403379,0.548132993,7.365536373
Probe,9/1/2022,2022,S,8,2,111,1,1,1,20,11,6.593197543,0.257326221,6.850523764
Probe,9/1/2022,2022,S,8,3,115,1,1,5,200,15,4.780398125,0.893067901,5.673466026
Probe,9/1/2022,2022,S,8,3,115,1,1,5,200,15,6.664360519,0.46463151,7.128992029
Probe,9/1/2022,2022,S,8,6,116,1,1,6,245,16,8.260243789,0.439138662,8.699382451
Probe,9/1/2022,2022,S,8,6,116,1,1,6,245,16,5.206687274,0.291264615,5.497951889
Probe,9/1/2022,2022,S,8,8,121,1,2,1,20,21,7.250676761,0.477217041,7.727893802
Probe,9/1/2022,2022,S,8,8,121,1,2,1,20,21,5.783572782,0.29535694,6.078929722
Probe,9/1/2022,2022,S,8,9,126,1,2,6,245,26,8.159781869,3.904867191,12.06464906
Probe,9/1/2022,2022,S,8,9,126,1,2,6,245,26,6.047242661,3.189359795,9.236602456
Probe,9/1/2022,2022,S,8,10,125,1,2,5,200,25,35.11014381,27.61209296,62.72223676
Probe,9/1/2022,2022,S,8,10,125,1,2,5,200,25,30.74087108,3.353460292,34.09433137
Probe,9/1/2022,2022,S,8,13,226,2,2,6,245,26,8.703793652,4.225434761,12.92922841
Probe,9/1/2022,2022,S,8,13,226,2,2,6,245,26,3.55974672,1.723040487,5.282787207
Probe,9/1/2022,2022,S,8,14,221,2,2,1,20,21,11.76539199,0.933026693,12.69841868
Probe,9/1/2022,2022,S,8,14,221,2,2,1,20,21,7.577376265,0.429766724,8.007142988
Probe,9/1/2022,2022,S,8,15,225,2,2,5,200,25,1.136762601,1.915870609,3.052633211
Probe,9/1/2022,2022,S,8,15,225,2,2,5,200,25,0.223369699,1.434263292,1.657632991
Probe,9/1/2022,2022,S,8,20,215,2,1,5,200,15,0.955777912,1.183614404,2.139392316
Probe,9/1/2022,2022,S,8,20,215,2,1,5,200,15,1.316910522,1.242814774,2.559725296
Probe,9/1/2022,2022,S,8,22,216,2,1,6,245,16,-0.446996444,1.254465329,0.807468885
Probe,9/1/2022,2022,S,8,22,216,2,1,6,245,16,0.084381334,2.671708375,2.756089709
Probe,9/1/2022,2022,S,8,23,211,2,1,1,20,11,0.814067608,0.664963839,1.479031447
Probe,9/1/2022,2022,S,8,23,211,2,1,1,20,11,-1.447507553,2.787047028,1.339539475
Probe,9/1/2022,2022,S,8,26,326,3,2,6,245,26,21.32291341,23.28052542,44.60343883
Probe,9/1/2022,2022,S,8,26,326,3,2,6,245,26,12.48901741,9.037558424,21.52657583
Probe,9/1/2022,2022,S,8,28,325,3,2,5,200,25,7.924305421,2.931597609,10.85590303
Probe,9/1/2022,2022,S,8,28,325,3,2,5,200,25,5.903069887,2.344806398,8.247876285
Probe,9/1/2022,2022,S,8,30,321,3,2,1,20,21,5.084117206,0.175609004,5.25972621
Probe,9/1/2022,2022,S,8,30,321,3,2,1,20,21,5.550395595,0.182933768,5.733329363
Probe,9/1/2022,2022,S,8,32,311,3,1,1,20,11,6.995850982,0.200699037,7.196550019
Probe,9/1/2022,2022,S,8,32,311,3,1,1,20,11,5.489559041,0.120619117,5.610178158
Probe,9/1/2022,2022,S,8,35,316,3,1,6,245,16,3.237310454,0.250875945,3.488186399
Probe,9/1/2022,2022,S,8,35,316,3,1,6,245,16,4.977603491,1.070103391,6.047706882
Probe,9/1/2022,2022,S,8,36,315,3,1,5,200,15,6.01345456,3.976410523,9.989865082
Probe,9/1/2022,2022,S,8,36,315,3,1,5,200,15,7.359240304,4.36323051,11.72247081
Probe,10/11/2022,2022,S,9,2,111,1,1,1,20,11,0.835170784,0.195032666,1.03020345
Probe,10/11/2022,2022,S,9,2,111,1,1,1,20,11,1.386688743,0.213933282,1.600622025
Probe,10/11/2022,2022,S,9,3,115,1,1,5,200,15,1.276419773,0.321177246,1.597597018
Probe,10/11/2022,2022,S,9,3,115,1,1,5,200,15,0.944594501,0.372344252,1.316938753
Probe,10/11/2022,2022,S,9,6,116,1,1,6,245,16,1.993618409,0.207426977,2.201045386
Probe,10/11/2022,2022,S,9,6,116,1,1,6,245,16,2.084465006,0.311526945,2.395991951
Probe,9/28/2022,2022,S,9,8,121,1,2,1,20,21,0.906700612,0.655120375,1.561820987
Probe,9/28/2022,2022,S,9,8,121,1,2,1,20,21,0.152966471,0.108717264,0.261683735
Probe,9/28/2022,2022,S,9,9,126,1,2,6,245,26,0.495719606,8.59107527,9.086794876
Probe,9/28/2022,2022,S,9,9,126,1,2,6,245,26,0.134749241,7.141691045,7.276440287
Probe,9/28/2022,2022,S,9,10,125,1,2,5,200,25,0.366821308,5.043930329,5.410751636
Probe,9/28/2022,2022,S,9,10,125,1,2,5,200,25,-0.054262595,3.95850827,3.904245676
Probe,9/28/2022,2022,S,9,13,226,2,2,6,245,26,0.016968761,3.992768196,4.009736957
Probe,9/28/2022,2022,S,9,13,226,2,2,6,245,26,-0.146121871,3.530989354,3.384867483
Probe,9/28/2022,2022,S,9,14,221,2,2,1,20,21,0.585163868,4.97449128,5.559655148
Probe,9/28/2022,2022,S,9,14,221,2,2,1,20,21,-0.121954309,0.135320868,0.013366558
Probe,9/28/2022,2022,S,9,15,225,2,2,5,200,25,0.891152149,2.234663558,3.125815707
Probe,9/28/2022,2022,S,9,15,225,2,2,5,200,25,1.254941845,4.792299933,6.047241778
Probe,10/11/2022,2022,S,9,20,215,2,1,5,200,15,1.33103795,0.323817496,1.654855446
Probe,10/11/2022,2022,S,9,20,215,2,1,5,200,15,1.310414847,0.285956993,1.59637184
Probe,10/11/2022,2022,S,9,22,216,2,1,6,245,16,1.019602214,0.181603132,1.201205347
Probe,10/11/2022,2022,S,9,22,216,2,1,6,245,16,0.485211278,0.090318465,0.575529744
Probe,10/11/2022,2022,S,9,23,211,2,1,1,20,11,1.18484527,0.100929717,1.285774987
Probe,10/11/2022,2022,S,9,23,211,2,1,1,20,11,1.211592527,0.228457871,1.440050398
Probe,9/28/2022,2022,S,9,26,326,3,2,6,245,26,0.111493948,5.494357887,5.605851835
Probe,9/28/2022,2022,S,9,26,326,3,2,6,245,26,0.487228072,5.458122369,5.945350441
Probe,9/28/2022,2022,S,9,28,325,3,2,5,200,25,3.038742781,3.678784594,6.717527375
Probe,9/28/2022,2022,S,9,28,325,3,2,5,200,25,3.054556834,5.064873024,8.119429858
Probe,9/28/2022,2022,S,9,30,321,3,2,1,20,21,0.110773411,0.080978971,0.191752382
Probe,9/28/2022,2022,S,9,30,321,3,2,1,20,21,0.304502867,0.117721953,0.42222482
Probe,10/11/2022,2022,S,9,32,311,3,1,1,20,11,0.762489679,4.332392965,5.094882644
Probe,10/11/2022,2022,S,9,32,311,3,1,1,20,11,2.586442869,2.216895829,4.803338697
Probe,10/11/2022,2022,S,9,35,316,3,1,6,245,16,6.129661535,0.28271181,6.412373345
Probe,10/11/2022,2022,S,9,35,316,3,1,6,245,16,2.692627175,5.464982955,8.15761013
Probe,10/11/2022,2022,S,9,36,315,3,1,5,200,15,1.827043467,6.073928564,7.900972031
Probe,10/11/2022,2022,S,9,36,315,3,1,5,200,15,1.255381309,7.084190031,8.33957134
