,barcode01A,barcode02A,barcode03A,barcode04A,barcode05A,barcode06A,barcode07A,barcode08A,barcode09A,barcode10A,barcode11A,barcode12A,barcode13A,barcode14A,barcode15A,barcode16A,barcode17A,barcode18A,barcode19A,barcode20A,barcode21A,barcode22A,barcode23A,barcode24A,barcode25A,barcode26A,barcode27A,barcode28A,barcode29A,barcode30A,barcode31A,barcode32A,barcode34A,barcode35A,barcode36A,barcode37A,barcode38A,barcode39A,barcode40A,barcode41A,barcode42A,barcode43A,barcode44A,barcode45A,barcode46A,barcode47A,barcode48A,barcode49A,barcode50A,barcode51A,barcode52A,barcode53A,barcode54A,barcode55A,barcode56A,barcode57A,barcode58A,barcode59A,barcode60A,barcode61A,barcode62A,barcode63A,barcode64A,barcode65A,barcode66A,barcode68A,barcode70A,barcode71A,barcode72A,barcode73A,barcode74A,barcode75A,barcode76A,barcode77A,barcode78A,barcode79A,barcode80A,barcode81A,barcode82A,barcode83A,barcode84A,barcode85A,barcode86A,barcode87A,barcode88A,barcode89A,barcode90A,barcode91A,barcode01B,barcode02B,barcode03B,barcode04B,barcode05B,barcode06B,barcode08B,barcode09B,barcode10B,barcode11B,barcode12B,barcode13B,barcode14B,barcode15B,barcode16B,barcode17B,barcode18B,barcode19B,barcode20B,barcode21B,barcode22B,barcode23B,barcode24B,barcode25B,barcode26B,barcode27B,barcode28B,barcode29B,barcode31B,barcode32B,barcode33B,barcode34B,barcode35B,barcode36B,barcode37B,barcode38B,barcode40B,barcode41B,barcode42B,barcode43B,barcode44B,barcode45B,barcode46B,barcode47B,barcode48B,barcode49B,barcode50B,barcode51B,barcode52B,barcode53B,barcode54B,barcode55B,barcode56B,barcode57B,barcode59B,barcode60B,barcode61B,barcode62B,barcode63B,barcode64B,barcode65B,barcode66B,barcode67B,barcode68B,barcode69B,barcode70B,barcode71B,barcode72B,barcode73B,barcode74B,barcode75B,barcode76B,barcode77B,barcode78B,barcode79B,barcode80B,barcode81B,barcode82B,barcode01C,barcode02C,barcode03C,barcode04C,barcode05C,barcode06C,barcode07C,barcode08C,barcode09C,barcode10C,barcode11C,barcode12C,barcode13C,barcode14C,barcode15C,barcode18C,barcode19C,barcode21C,barcode25C,barcode26C,barcode27C,barcode28C,barcode29C,barcode30C,barcode31C,barcode32C,barcode33C,barcode34C,barcode35C,barcode36C,barcode37C,barcode38C,barcode39C,barcode40C,barcode41C,barcode42C,barcode43C,barcode44C,barcode45C,barcode46C,barcode47C,barcode48C,barcode49C,barcode50C,barcode51C,barcode52C,barcode53C,barcode54C,barcode55C,barcode56C,barcode57C,barcode58C,barcode59C,barcode60C,barcode61C,barcode62C,barcode64C,barcode65C,barcode66C,barcode67C,barcode68C,barcode69C,barcode70C,barcode71C,barcode72C,barcode73C,barcode74C,barcode75C,barcode76C,barcode77C,barcode78C,barcode79C,barcode80C,barcode81C,barcode82C,barcode83C
EC.1.4.99.5,0.036742021,0.039491778,0.045767955,0.036584193,0.035131935,0.04784227,0.044052125,0.040745806,0.039528253,0.031905434,0.040620924,0.053332494,0.032310851,0.067961165,0.022622367,0.027337023,0.027668067,0.038885181,0.038898262,0.052975235,0.018635188,0.031388485,0.028615798,0.040553088,0.02438254,0.037748284,0.026415418,0.039520454,0.050849172,0.035983858,0.030855997,0.028968505,0.038378737,0.036659607,0.039924528,0.040996475,0.050113994,0.021587532,0.037866756,0.039030906,0.038835235,0.040825442,0.021138377,0.043815555,0.04555003,0.025047139,0.029495964,0.06434134,0.056344809,0.035919624,0.038577031,0.04324714,0.029321247,0.038292167,0.02252877,0.042384184,0.027586408,0.049041985,0.031208411,0.03539411,0.03097208,0.033977558,0.036929912,0.034757307,0.025300914,0.013441222,0.033113785,0.037341068,0.030197636,0.023650991,0.04034977,0.039378776,0.037122722,0.030751836,0.032415579,0.035277819,0.034653357,0.031509242,0.029484953,0.034730193,0.028547554,0.046916702,0.040675558,0.036060028,0.039116253,0.038820645,0.028414918,0.033833946,0.04420422,0.037047572,0.020711005,0.025840795,0,0.044682809,0.027642898,0.032877836,0.037902573,0.034055124,0.031742602,0.035702843,0.028527441,0.03168047,0.031184146,0.034892723,0.039725526,0.032442431,0.031536398,0.029484046,0.030798992,0.039308616,0.028095312,0.028193344,0.056417066,0.032785305,0.03962753,0.023751579,0.027514142,0.028739608,0.037430681,0.031157343,0.035882767,0.038527024,0.033169902,0.037765748,0.037986838,0.031635924,0.028771509,0.03648441,0.05,0.023857309,0.042037596,0.028220892,0.044386729,0.040237832,0.033181067,0.023330557,0.027023517,0.043283863,0.032101932,0.037151392,0.032034601,0.022987107,0.039910569,0.026784894,0.026117015,0.042694143,0.029509149,0.025066965,0.035599564,0.026863177,0.031637976,0.015767684,0.030755488,0.030772132,0.018732604,0.02998418,0.03244335,0.031314302,0.028833497,0.036203573,0.035367665,0.022529343,0.041228869,0.030814385,0.037457403,0.035029089,0.03672367,0.032040281,0.039387283,0.037894021,0.027249658,0.028636217,0.033481964,0.031831322,0.036053002,0.035896568,0.025881079,0.036715691,0.036764042,0.031504062,0.034864558,0.033433069,0.031924389,0.028830206,0.038476192,0.029179767,0.036299461,0.03983938,0.045617445,0.034478717,0.043217306,0.034393029,0.038701084,0.03397782,0.063403561,0.030500039,0.036170609,0.043479624,0.035595773,0.044075244,0.021587765,0.040068936,0.042292736,0.034848786,0.050261493,0.033591704,0.055718629,0.042131439,0.032154993,0.048116473,0.042111406,0.045771674,0.043835708,0.043445482,0.041614919,0.038806867,0.044439406,0.050529603,0.039969246,0.043187166,0.049015341,0.031199963,0.039931302,0.035856908,0.043737804,0.043246593,0.040352675,0.034013631,0.037451011,0.042117567,0.032608509,0.033396562,0.029076141,0.038102173,0.031511001,0.027777118,0.038069376,0.033203788,0.031838774,0.036803718,0.053299585,0.038265765
EC.4.1.1.5,0.598343441,0.562958394,0.609422837,0.655973794,0.590893666,0.564631504,0.623539079,0.607873077,0.531327088,0.527872134,0.535882517,0.533736679,0.588010194,0.50667299,0.555054313,0.616200165,0.555690742,0.560808166,0.572965722,0.578460886,0.542021719,0.56755908,0.65621058,0.528276628,0.595205882,0.605090648,0.638709737,0.535628254,0.60611718,0.56764108,0.543299291,0.588146324,0.59721092,0.574732145,0.566496469,0.605876591,0.54429935,0.557129918,0.545256593,0.478293396,0.482983509,0.573490196,0.581617553,0.512000415,0.601474444,0.546291928,0.592492286,0.622987474,0.625519339,0.61994496,0.599170861,0.520687328,0.55020166,0.561230123,0.561899348,0.500489574,0.571468325,0.56860404,0.623002165,0.52252621,0.555813364,0.534626374,0.588986124,0.526641128,0.525306159,0.5400189,0.667535704,0.640587489,0.587266569,0.553938981,0.549035229,0.5488014,0.630478056,0.591121169,0.632891694,0.603901837,0.57867527,0.56701008,0.551645506,0.564489831,0.568453466,0.557238985,0.574596601,0.541704578,0.555895262,0.506102312,0.619467231,0.57151248,0.554504829,0.564999281,0.609562157,0.562039329,0.579422129,0.595523331,0.591045536,0.57271717,0.565826323,0.605079664,0.535910013,0.573010281,0.603920247,0.563093217,0.592219466,0.611529738,0.613796512,0.574630741,0.555654319,0.558588711,0.598997002,0.580738843,0.621818391,0.61424327,0.559212314,0.603262521,0.591458627,0.575211594,0.581285019,0.566261625,0.596436108,0.557434649,0.573545545,0.546775207,0.56553131,0.647322533,0.566330333,0.728944125,0.605270832,0.574154877,0.7,0.55199586,0.59918202,0.618073356,0.508643129,0.536829995,0.568927653,0.566822438,0.596416827,0.560676607,0.566443488,0.578615335,0.557770137,0.577254346,0.583150976,0.584247367,0.586772085,0.618420123,0.572517805,0.624000754,0.572152049,0.584220316,0.615949888,0.451330524,0.581175362,0.544014954,0.580207696,0.599814374,0.564467767,0.555616236,0.646851876,0.612468056,0.573914742,0.633630701,0.593910023,0.597564412,0.5803042,0.573099716,0.522172377,0.578677133,0.546645731,0.497504452,0.572917577,0.588811812,0.560626037,0.529398887,0.514155333,0.558459286,0.531820905,0.542015177,0.517459201,0.544519294,0.553256138,0.590050988,0.544195394,0.576000906,0.457196737,0.56308115,0.554961073,0.539161038,0.611190927,0.487019696,0.532757566,0.509735482,0.527877527,0.580098439,0.529799859,0.516620963,0.549332519,0.608512647,0.534545655,0.542953919,0.420871869,0.564910681,0.643158277,0.579112661,0.531706448,0.531916899,0.549515759,0.579872013,0.532339815,0.557596314,0.487351072,0.518730872,0.537174353,0.545298556,0.567839742,0.52115732,0.565635172,0.593794873,0.565165001,0.548844691,0.555594588,0.591653524,0.568428493,0.589373537,0.551346785,0.535931221,0.540558073,0.570954162,0.510478764,0.576678153,0.503141841,0.583504645,0.541709749,0.611999212,0.58534398,0.53086018,0.58679533,0.524114291,0.576567076,0.555146636,0.481513129,0.550069148
EC.1.1.1.76,1.02992908,1.038016968,0.846334394,0.964926343,1.047546918,0.981903011,1.013591482,1.013901252,1.023886467,1.086113175,1.056374315,1.113041202,1.046542006,1.222392115,1.007155235,1.104093115,0.955588673,1.031745951,1.030142122,1.059232195,0.943313487,0.971853382,1.075531715,1.030533397,1.060163647,0.959747412,1.006348608,1.071874371,1.017214467,0.976421621,1.041301619,1.022204849,1.057808988,1.014643234,1.030390167,1.031960349,1.032906534,1.067211228,1.048831401,1.131265545,1.05447704,0.962098573,1.024810257,1.051876494,1.008914565,1.125916274,0.938821286,0.970739534,0.916852856,1.008879549,1.014993955,1.128009465,1.039165373,1.105990465,0.962616651,1.012808998,0.874894641,0.925612044,0.973201198,1.023959971,0.983116651,0.965093631,0.995603033,1.02965304,0.988577668,0.969306817,0.934359088,1.041108887,0.999882782,0.991114735,0.955407207,0.880720673,0.957975146,0.961192734,0.988984358,0.957827798,1.045906838,0.937897798,0.899623643,1.036863923,1.030706688,0.993217231,1.000706219,1.010259752,1.061810744,1.101374204,1.077674065,1.08874155,0.996212962,0.983327013,0.92009189,0.941717878,1.168260214,0.988107671,1.027571185,1.039896285,0.950359036,0.941644873,1.078556326,0.995454994,0.914816329,1.006864071,0.934769084,0.928399911,0.942389164,0.939381351,1.02626629,1.089378875,0.985446491,0.92908918,0.933362728,0.919122141,0.906542155,0.95620839,0.976449922,0.915763579,0.945387334,0.928890205,0.936477302,0.999887413,0.962350122,0.938562086,1.001599521,0.969519657,0.94251153,1.362041731,0.899745875,1.001309671,1.05,1.039234219,0.969233754,0.938321001,1.078128137,1.058090634,0.932239784,0.908166237,0.939832049,1.024598754,0.987335852,0.982596846,0.971159348,0.977711272,0.951576397,0.990051598,0.944544203,0.913273227,0.937706335,0.886424646,0.940809949,0.938355569,0.934726876,1.114206558,1.040209634,0.91885644,0.900789181,0.943142575,0.969895654,1.037633631,0.941931002,0.937003702,1.012949476,0.875792289,1.005846276,0.905501086,0.931697717,1.009202854,1.045678407,0.963197987,1.018845521,1.012815967,0.917370423,0.892914255,1.004407291,1.026215404,1.066821196,1.029527405,0.965235288,1.026047462,1.111438526,1.042136839,1.031901315,1.00591568,1.032638398,1.072911087,1.001301949,0.997355479,1.005474184,1.071562084,1.020237138,1.188452703,1.102432702,1.1203038,1.056052597,1.073841146,1.033757658,1.139945067,1.126084187,1.003343157,1.039130751,1.127154026,1.375221361,1.140480133,0.930736645,1.072534451,1.036317057,1.10218046,1.049553388,1.116172542,1.188329712,1.039267038,1.059412504,1.05246702,1.015993607,1.082989229,1.110801979,1.180025063,1.028605604,1.034549764,1.14657429,1.126286237,1.068792976,1.103473319,1.051973483,1.069877523,1.036661765,1.135229197,1.134483928,1.073340927,1.169278335,1.079733094,1.092192655,1.012396147,1.053354482,1.020069838,1.040464995,1.073992883,0.961052991,1.096740188,1.059267735,1.086156778,1.055720394,1.021497228
EC.3.2.1.6,0.010843726,0.007279999,0,0.006393255,0.010892595,0.004738682,0,0.015771106,0.020381433,0.014083321,0.007488181,0.006287288,0.006270926,0,0.004444396,0.003054274,0.063283354,0.013788938,0,0.010741732,0.05001477,0.011723298,0.006904562,0.013620466,0.003819292,0.006259391,0,0.006343209,0.011735791,0.011160355,0.008774939,0.009977447,0.012194165,0.011799746,0.014205434,0.008303497,0.013066999,0.011532169,0.011515995,0.012276008,0.010281632,0.005336173,0.002308373,0.012036426,0.009682456,0.008077241,0.009138299,0.010819645,0.008011286,0.006665023,0.012704832,0.006250248,0.007700242,0.005465537,0.030889143,0.008170818,0.021932838,0.013660121,0.008102534,0.014282722,0.006575073,0.008023986,0.012867057,0.007032868,0.011752095,0.009440908,0.007195426,0.016283855,0.010975413,0.010149569,0.007831384,0.059771885,0.009350265,0.00981493,0.011138073,0.00790009,0.005355947,0.013304102,0.01276397,0.012057966,0.018418944,0.010328921,0.007331677,0,0.00958733,0.011890371,0.009795805,0.008598352,0.008796501,0.009198018,0.009156356,0.009984068,0,0.01080118,0.00779837,0.013989965,0.0102775,0.010173859,0.007131384,0.007478558,0.011182902,0.010885328,0.006537938,0.010293614,0.010975691,0.008090245,0.007270712,0.01003448,0.007745293,0.007871597,0.009119697,0.010200714,0.006389701,0.008750658,0.010032939,0.042575759,0.010568681,0.052335818,0.019920523,0.00553876,0.009016502,0.00928469,0.008020713,0.005163292,0.01083458,0.005927241,0.007194285,0.015441969,0,0.009701138,0.006569687,0.010867754,0,0.012098875,0.010785838,0.006808622,0.007016578,0.009639431,0.009868818,0.007690043,0.00858643,0.008386616,0.008098729,0.010282187,0.015144244,0.012940286,0.0079698,0.007908813,0.008719542,0.006409388,0.008212619,0.009594999,0.006353912,0.034523077,0.04061542,0.008762093,0.007969885,0.012955367,0.007547457,0.024016806,0.011619173,0.007345592,0.006337174,0.008437321,0.008071215,0.007783644,0.009211223,0.022205913,0.006613604,0.010684134,0.007331796,0.072801124,0.011333907,0.007818643,0.00999826,0.01215413,0.005106272,0.006445372,0.006476796,0.007157909,0.005834172,0.012833186,0.007823628,0.009341211,0.009710881,0.033512352,0.007452835,0.011452963,0.004455271,0.006462104,0.00679951,0.012022412,0.007607847,0.00520032,0.007853384,0.00654036,0.008443022,0.005389229,0.00936454,0.010645261,0.004578135,0.005805786,0.006126833,0.009624513,0.006714754,0.008208178,0.012354394,0.009058251,0.007577309,0.019820611,0.015294575,0.009896131,0.005577342,0.011423597,0.005985762,0.009586691,0.002055144,0.009715247,0.006918371,0.00673837,0.005750829,0.006885101,0.009853629,0.005510464,0.00778191,0.007007879,0.007390633,0.006616881,0.005150724,0.005052066,0.005618012,0.005120485,0.006519367,0.009040357,0.00672709,0.007331148,0.006206117,0.006645178,0.005676382,0.006258225,0.007933369,0.007515613
EC.3.2.1.14,1.444306929,1.356826938,1.273363975,1.413093726,1.385431845,1.461885219,1.391901738,1.360151498,1.267426477,1.467790953,1.334392329,1.362334019,1.317617446,1.514568101,1.371924596,1.433975184,1.608417996,1.452534434,1.293735766,1.424397946,1.491428028,1.385001228,1.440730916,1.509902872,1.386044315,1.346884442,1.346744983,1.353702243,1.401528756,1.445558466,1.42381599,1.345339845,1.37035331,1.417247752,1.369830672,1.476311206,1.459401685,1.279546206,1.442482562,1.320241015,1.338924301,1.473631603,1.442812862,1.447914368,1.495703793,1.421210691,1.475537328,1.302622617,1.445489238,1.355453191,1.413406355,1.363754402,1.224824229,1.293378802,1.481319982,1.339702946,1.333704202,1.393982074,1.453275937,1.440481154,1.33121419,1.437142616,1.314772979,1.385758063,1.342323846,1.34728134,1.568817842,1.538980774,1.443812493,1.459118088,1.442573324,1.591696738,1.455579024,1.402726111,1.401481647,1.425639733,1.471595511,1.48040651,1.427164435,1.39242376,1.483336732,1.393979475,1.472114494,1.456215893,1.418108884,1.366742269,1.395678872,1.371626141,1.374390034,1.446294932,1.454671697,1.317304881,1.75,1.516701302,1.504071971,1.439724169,1.481058592,1.58201874,1.403267465,1.391040236,1.385254877,1.480077335,1.515165247,1.444330716,1.435422616,1.482170208,1.449282617,1.328853568,1.438930149,1.461731013,1.322481381,1.488991962,1.476949708,1.360469631,1.462071586,1.54114631,1.413643412,1.603031315,1.57432031,1.427402682,1.416103842,1.472578744,1.413632277,1.422956499,1.450481318,1.155322105,1.46116234,1.485395358,1.65,1.427240035,1.422913518,1.570139969,1.486714344,1.378679742,1.474396256,1.417395529,1.479536169,1.399822245,1.470270599,1.430756429,1.496141682,1.370286341,1.420627401,1.401337342,1.468876968,1.501730578,1.476279267,1.468291676,1.482750506,1.474399929,1.512896597,1.339100066,1.496660852,1.521996353,1.553473632,1.458403785,1.417294277,1.447752428,1.464410772,1.608317135,1.439315471,1.498319984,1.486391434,1.487690568,1.498883608,1.446327952,1.392718096,1.526369173,1.409845899,1.467260606,1.278070908,1.603923477,1.459084594,1.336347734,1.440834847,1.414463483,1.325848517,1.430370113,1.413551197,1.421702993,1.42188143,1.45662633,1.424977346,1.500578445,1.529405772,1.497799768,1.483613329,1.389933864,1.362200766,1.343963854,1.409768075,1.392475894,1.393810402,1.352613355,1.436740757,1.276898441,1.363812533,1.48525781,1.434378373,1.39754982,1.226887929,1.419863453,1.450035718,1.377215461,1.352508515,1.337656045,1.4032215,1.290335041,1.354479051,1.445425109,1.374290016,1.382670186,1.392648786,1.389953133,1.385239162,1.329855891,1.422381663,1.416862459,1.327588148,1.354912347,1.354653499,1.443285447,1.423648337,1.4375902,1.401606447,1.40841665,1.420624151,1.436652996,1.346140354,1.289725744,1.314541741,1.408559502,1.386343323,1.420892569,1.462400759,1.346285463,1.461882583,1.387674882,1.296404107,1.419316639,1.454755796,1.415981382
EC.2.6.1.86,0.378051017,0.346638268,0.347312789,0.380638479,0.360775458,0.390897263,0.455975692,0.305571642,0.372660313,0.440972304,0.351438177,0.378341288,0.339897147,0.545512309,0.379873622,0.363411344,0.508489493,0.393222969,0.393591286,0.374599512,0.465492415,0.384090829,0.404427356,0.39211214,0.438491302,0.377864796,0.394266594,0.361903773,0.391109519,0.420002687,0.388486719,0.353307498,0.363958427,0.383685723,0.365185045,0.383471658,0.354986498,0.309760102,0.358925985,0.278386477,0.28640025,0.40589189,0.340053719,0.331371253,0.346001347,0.352781291,0.346346476,0.316427116,0.440298608,0.365194598,0.353020313,0.289919482,0.348302135,0.332229633,0.480691096,0.328798626,0.353987507,0.394907434,0.377282286,0.372155955,0.311823516,0.438258921,0.359878164,0.3844072,0.385626095,0.364481371,0.369431545,0.467136892,0.39006958,0.317899994,0.370913909,0.453824427,0.377248046,0.410098109,0.358934513,0.362638898,0.389249544,0.345915079,0.360568862,0.370126854,0.311430368,0.372432477,0.372341013,0.390555719,0.365649388,0.306962232,0.39269187,0.397451877,0.383685016,0.388640339,0.373856833,0.36294746,0.084926881,0.407438367,0.452556395,0.347283183,0.415133908,0.409872854,0.338999207,0.351921028,0.343938429,0.387950606,0.40111449,0.359585048,0.390596127,0.372824798,0.387563379,0.334537281,0.348002573,0.38901736,0.33916887,0.351572093,0.40907988,0.316831977,0.392867691,0.464769862,0.348133335,0.484296425,0.470177974,0.388157628,0.399051897,0.35770669,0.344979191,0.408791915,0.415696462,0.413109917,0.525250419,0.401379302,0.2,0.350104051,0.398657556,0.463902476,0.349802874,0.311273929,0.359209005,0.411229663,0.353750158,0.432616834,0.394642865,0.377291839,0.376505107,0.343280682,0.419296856,0.333811236,0.403628141,0.455638746,0.415187692,0.347635629,0.388349802,0.39864506,0.379843938,0.621465713,0.394205004,0.462665117,0.474372475,0.366289248,0.426791049,0.360029849,0.407630341,0.447619299,0.391137715,0.360840304,0.420727054,0.422317544,0.398388044,0.423918675,0.38961882,0.503738356,0.389060711,0.353457545,0.389376042,0.502046612,0.394832223,0.411129096,0.394875554,0.427308813,0.438925385,0.427049842,0.376942114,0.387426716,0.398721896,0.436237549,0.414452638,0.450196601,0.381088854,0.461403152,0.453569474,0.412852468,0.407721262,0.351410048,0.389361303,0.39124837,0.38018962,0.399928327,0.401170337,0.363984394,0.39299095,0.445962102,0.383923927,0.366007988,0.291384447,0.389776627,0.467252932,0.396762099,0.351645945,0.387410324,0.398043906,0.402822677,0.369606714,0.387970704,0.359564391,0.37544322,0.418126175,0.401708498,0.371924952,0.378312628,0.438384344,0.433054381,0.39848937,0.381935042,0.369494101,0.391404597,0.407583665,0.421472888,0.393930998,0.404748133,0.42449356,0.436946442,0.378914879,0.418260254,0.414913991,0.41116622,0.373296142,0.422948654,0.40947832,0.348276699,0.436170376,0.380319156,0.404600022,0.414378316,0.359013845,0.422582453
EC.4.1.1.74,0.473332305,0.467993292,0.525950549,0.519742686,0.477729951,0.510526596,0.472293225,0.458701082,0.54728846,0.635124234,0.511556766,0.486872454,0.488302321,0.486346033,0.435443729,0.458507354,0.557572949,0.451453093,0.550099942,0.495710299,0.514809752,0.497236542,0.486328203,0.43437404,0.5146998,0.505621271,0.50491246,0.468389151,0.507120784,0.463430668,0.482057545,0.483327144,0.466036316,0.479238056,0.498396993,0.423494396,0.468017292,0.449161809,0.525184342,0.416453146,0.433277527,0.464545158,0.410147706,0.417835741,0.44114623,0.460871658,0.450766959,0.467776575,0.497273519,0.505330546,0.535999874,0.355993115,0.476854474,0.50507724,0.521536954,0.515155517,0.461955266,0.503457139,0.500396114,0.415130907,0.448568274,0.512005851,0.470161938,0.507889805,0.432162527,0.425489511,0.4724836,0.550694954,0.45746099,0.475486318,0.419361859,0.577821938,0.495744247,0.437193804,0.427803239,0.486621922,0.486049902,0.388427769,0.425793904,0.502846566,0.436985747,0.470482797,0.436910296,0.419533474,0.46541671,0.477513155,0.432319476,0.454030557,0.520265436,0.494589461,0.433526759,0.498433889,0.581015677,0.468083841,0.519561514,0.449027087,0.497151242,0.487468117,0.408390018,0.470668969,0.466077989,0.47752542,0.450318754,0.44808629,0.49501239,0.442804295,0.475031995,0.540569343,0.502146027,0.494353515,0.492948948,0.426226825,0.447204831,0.491141826,0.471658972,0.529007654,0.493377357,0.485011548,0.490571856,0.460157702,0.502934808,0.434822555,0.491527578,0.505902135,0.532565413,0.527709135,0.46784234,0.516043619,0.4,0.415594134,0.520940794,0.500719138,0.426004367,0.413552643,0.438944268,0.448910291,0.438485491,0.550253763,0.467756217,0.456639096,0.431672726,0.482308413,0.52096386,0.453215404,0.442302068,0.447260714,0.514321262,0.430840945,0.523061376,0.471834534,0.472156136,0.635360289,0.510654352,0.476505996,0.498773244,0.442837897,0.514614316,0.466128389,0.460120756,0.533456063,0.456980274,0.454410251,0.548069072,0.462304428,0.49361227,0.46338961,0.559756232,0.51082825,0.506711064,0.428803008,0.490799139,0.543341319,0.466972258,0.510193347,0.495708493,0.503801836,0.504033016,0.514844129,0.544987318,0.526538112,0.483891579,0.513909877,0.498771296,0.54781295,0.439822892,0.557513884,0.515762269,0.527645452,0.551469068,0.538394594,0.498981281,0.507119328,0.457481985,0.556604422,0.475785424,0.566900176,0.530505394,0.548599557,0.489550893,0.54219625,0.716914876,0.563400387,0.511590752,0.490460402,0.545270342,0.554447659,0.531384483,0.578491038,0.57195889,0.497853987,0.449874142,0.472717065,0.508161282,0.481752729,0.521340431,0.551813129,0.479403869,0.580641979,0.569583491,0.549978457,0.502973685,0.529224008,0.505203255,0.486468203,0.496924079,0.521758938,0.527061526,0.490834143,0.560891822,0.532559965,0.536235853,0.490144095,0.522549602,0.545910185,0.519615353,0.51836848,0.511252543,0.490028527,0.514754373,0.527566391,0.415812739,0.528511256
EC.3.5.99.7,1.465055291,1.539284735,1.683364615,1.556156584,1.516750931,1.485499115,1.624243583,1.58178308,1.545899087,1.405336355,1.447168559,1.52412237,1.58271265,1.79521707,1.569193945,1.565049641,1.564198866,1.538299516,1.485945288,1.496379879,1.512312133,1.524722161,1.484284623,1.579900974,1.583963338,1.454395018,1.435926817,1.480123442,1.474578509,1.592979077,1.530147896,1.501713996,1.542303302,1.54341382,1.516083254,1.523367244,1.480115277,1.474485708,1.476008749,1.410552561,1.438979488,1.51447497,1.621642663,1.470227851,1.696956271,1.519204819,1.576485062,1.452287029,1.604218379,1.5183705,1.53437204,1.429905837,1.436480906,1.542129518,1.485804118,1.445113412,1.390316235,1.489880134,1.521059206,1.483643717,1.534265926,1.563318073,1.512220737,1.533426315,1.592139025,1.659724408,1.595636659,1.550164605,1.541341471,1.528193016,1.567827089,1.505544396,1.655659453,1.61518914,1.686854589,1.534314325,1.510401964,1.578393689,1.544286239,1.501670905,1.673055264,1.526669681,1.593089141,1.602537247,1.485429747,1.397658097,1.535224118,1.517614073,1.512247694,1.557210312,1.58176987,1.595640503,1.589562194,1.56242778,1.429826284,1.557382761,1.566165476,1.568040186,1.515743754,1.502646409,1.543050595,1.534873435,1.524910209,1.57837686,1.528330669,1.584556098,1.514911624,1.473224456,1.653687871,1.526805275,1.665200193,1.602741024,1.630780977,1.565247418,1.549884494,1.588580424,1.612790761,1.562497915,1.5272496,1.580022028,1.597634901,1.572128759,1.493110249,1.613289277,1.494075078,1.401154478,1.768661278,1.561454888,1.5,1.537480305,1.510009205,1.567057869,1.503790266,1.473893705,1.559951603,1.637229081,1.59733662,1.519933498,1.55560508,1.600275016,1.560480019,1.514223427,1.563127302,1.604884523,1.491443227,1.571874021,1.568152164,1.635710443,1.521148944,1.551060939,1.564490426,1.431056126,1.537784516,1.564822844,1.555964423,1.587711654,1.597929564,1.533742372,1.504254948,1.57113754,1.554910417,1.652648556,1.531129732,1.668612713,1.562892445,1.537459574,1.51424248,1.541771895,1.513165012,1.438853284,1.706885125,1.48053489,1.596870591,1.582022854,1.498760029,1.546288513,1.656491188,1.52054008,1.522476772,1.551623634,1.548331865,1.564916751,1.544837826,1.495497824,1.460274834,1.477657549,1.489463735,1.467158917,1.547456711,1.42616604,1.474026981,1.430816328,1.53056605,1.477347397,1.525296909,1.457091892,1.468635462,1.501597622,1.489937375,1.490070904,1.349035799,1.509833884,1.56988693,1.523588312,1.567935492,1.488223184,1.49257752,1.608141308,1.467796305,1.575564455,1.478275897,1.512700344,1.461038132,1.508842416,1.493124546,1.486440817,1.619646067,1.444525425,1.444892157,1.469747687,1.493074045,1.49338598,1.528608745,1.439861496,1.547387708,1.480834167,1.527682055,1.526097197,1.451324514,1.540273121,1.474161523,1.589364274,1.494724892,1.500067418,1.489829803,1.599625499,1.504210638,1.553789048,1.490972752,1.523672054,1.48175903,1.480128378
EC.5.4.4.2,2.861838505,2.757081642,2.947358867,2.882234922,2.831779953,2.844191347,2.818089225,2.843855777,2.776889401,2.736493729,2.776132858,2.624785925,2.618850332,2.916262373,2.997040444,2.81702622,3.158527955,2.919641323,2.705943516,2.764429055,2.719457275,2.835097848,2.898318424,2.893267088,2.820015177,2.769802619,2.824560867,2.827871349,2.855872619,2.945594618,2.856463209,2.77295539,2.72099628,2.843645449,2.835004234,2.913649894,2.829241894,2.63072442,2.76975456,2.626618571,2.689397832,2.790137061,2.923422639,2.754703878,2.761688953,2.799039511,2.837133727,2.627723717,2.964709004,2.813508459,2.897122366,2.607974859,2.777176305,2.750140354,2.980459381,2.6658786,2.972208403,2.935978462,2.940819383,2.858512939,2.663510389,2.948918848,2.919228054,2.842849753,2.763321584,2.704624521,2.913125747,2.940401994,2.839204301,2.774137319,2.732380135,3.047074883,2.891822029,2.789855007,2.928449548,2.795408305,2.809115096,2.851399253,2.728346845,2.754444158,2.770906582,2.787167891,2.807458612,2.799541216,2.759012936,2.658995286,2.783401888,2.727568823,2.895761961,2.879557238,2.756700547,2.893721759,3.157250711,2.861813234,2.863538215,2.846234216,2.831127584,2.79974369,2.71494054,2.809386427,2.900870536,2.900799344,2.924792495,2.77604306,2.870612977,2.863349176,2.735316963,2.676649091,2.80497618,2.846875794,2.936309082,2.801102266,2.847609347,2.946710154,2.911238179,2.994687961,2.826738381,2.971336839,2.90613588,2.869432763,2.866654483,2.88371651,2.782508747,2.725764089,2.845146686,3.196625,2.769308792,2.915561215,2.45,2.787200653,2.889430052,2.850812296,2.862759341,2.828385516,2.80591441,2.902737286,2.773461493,2.861150552,2.826857911,2.84995887,2.834802331,2.767387823,2.856929709,2.781635111,2.900013251,2.888390437,2.867893424,2.859514759,2.874850826,2.887207781,2.853236905,3.184118687,2.865634969,3.003735791,2.988342598,2.820594951,2.894881188,2.842774064,2.994162229,2.953965764,2.82889434,2.880744505,2.997527762,2.933130554,2.892326249,2.823571168,2.728896083,2.940993773,2.786068235,2.654428092,2.958639505,3.009129025,2.86745065,2.780163297,2.776060573,2.88157518,2.895003279,2.829260123,2.732208555,2.802579533,2.749091363,2.89467426,2.805055004,2.824554549,2.573507273,2.869189326,2.75483748,2.77013263,2.847248425,2.467997141,2.682447463,2.672289327,2.666338734,2.818841912,2.735908928,2.650044705,2.731802086,2.840363141,2.754203082,2.702200878,2.234270273,2.678883828,2.886092632,2.791126071,2.890260745,2.718194423,2.771424299,2.899743473,2.568890216,2.890172806,2.63014277,2.67220146,2.75550814,2.737749885,2.683405374,2.61084774,2.609774224,2.813015437,2.65149428,2.708715171,2.743141397,2.740134784,2.787239703,2.691993128,2.776499725,2.661009573,2.594476499,2.815116307,2.600973151,2.839544305,2.747554805,2.860481762,2.670871455,2.837251128,2.749203995,2.632398219,2.850191413,2.632687341,2.65754752,2.759354924,2.588748236,2.827512395
EC.4.2.99.21,0.848262646,0.773845926,0.811693541,0.795235487,0.787414105,0.821287787,0.764255347,0.837131921,0.79649997,0.762138792,0.739379724,0.778849637,0.717412768,0.834951173,0.757874331,0.844757927,0.898273036,0.780033392,0.736601717,0.83031836,0.875147366,0.777334903,0.790020046,0.81456728,0.861715931,0.767710047,0.819967521,0.780364259,0.824070905,0.82972264,0.765275006,0.704478494,0.777621263,0.803106188,0.786078253,0.708958535,0.812878874,0.74902583,0.753916018,0.713989703,0.766132209,0.775087489,0.73322504,0.808186256,0.82185762,0.734053694,0.839622489,0.744395518,0.817990389,0.815495554,0.8715503,0.661881583,0.789447818,0.837502358,0.885146175,0.791210587,0.84164826,0.752352074,0.764516265,0.746289983,0.723740463,0.826078217,0.822133604,0.765242875,0.748762087,0.728941786,0.813757542,0.77466397,0.760972656,0.830719107,0.78427501,0.897765915,0.785266244,0.776662878,0.787224206,0.756709566,0.716883578,0.771979284,0.682556494,0.739064441,0.73100139,0.767647594,0.739416148,0.816671208,0.781598907,0.698794596,0.795744614,0.691886128,0.831745617,0.750252015,0.702017657,0.764847462,1.081015677,0.80842748,0.740393213,0.798234257,0.766264017,0.83017049,0.777279687,0.734128353,0.786061215,0.788094291,0.825382605,0.752769329,0.767072595,0.828927929,0.759030947,0.685990437,0.792328751,0.769773453,0.782823969,0.804751655,0.821568765,0.804859733,0.83984201,0.852156295,0.768160339,0.849524024,0.787441728,0.805005463,0.798517579,0.800037807,0.764890444,0.768065143,0.828379087,0.913047335,0.883962421,0.801458951,0.55,0.8357535,0.81453487,0.820362975,0.793119235,0.810784801,0.73270018,0.784428703,0.723516128,0.788047454,0.763732994,0.792847899,0.802600077,0.751327574,0.811937525,0.778446243,0.784553116,0.833934126,0.815713903,0.762677343,0.804166291,0.812094697,0.810581262,0.551674726,0.770548986,0.869282875,0.871474268,0.776763304,0.802394197,0.797050183,0.782317087,0.802709265,0.814524909,0.781186842,0.843879184,0.792465286,0.829965638,0.788216732,0.768280499,0.835625403,0.800023168,0.72446574,0.825411205,0.899626433,0.811685351,0.765209341,0.74475093,0.824822389,0.781035512,0.785987446,0.725240125,0.782715862,0.780184913,0.807458236,0.752965798,0.774848456,0.811456349,0.823185491,0.7242368,0.77833197,0.781260281,0.705010499,0.763019823,0.752550059,0.772228936,0.806482227,0.804966819,0.732646522,0.756011712,0.824520273,0.799048216,0.775881423,0.556378854,0.765182132,0.796085466,0.821398882,0.782117514,0.749363634,0.78832544,0.765224907,0.739419931,0.828256584,0.733800238,0.792766165,0.827097,0.807780713,0.79119847,0.720022398,0.808810365,0.80476545,0.718328409,0.775073605,0.814449436,0.801441494,0.801478586,0.766917026,0.808203916,0.763506222,0.740190063,0.816893895,0.720251795,0.786012368,0.820166007,0.879155886,0.773270432,0.823088205,0.805527153,0.810394109,0.838816497,0.774837015,0.73800131,0.811173066,0.759576297,0.812863586
EC.3.3.2.1,0.709819552,0.681157652,0.625566923,0.639641597,0.616423075,0.604166129,0.660760563,0.683829559,0.632856847,0.520575606,0.710928918,0.692735696,0.675492557,0.759104826,0.66789953,0.698362288,0.566472592,0.73799818,0.600487162,0.643186608,0.561743604,0.580125998,0.777524299,0.655494782,0.638954554,0.664346415,0.643684451,0.69612117,0.624576449,0.608930786,0.64148021,0.618588493,0.644723223,0.62598823,0.652104487,0.73511773,0.576369631,0.617544418,0.652056308,0.639291341,0.570145179,0.61325145,0.708136632,0.602319929,0.618988572,0.670817572,0.563590306,0.532320039,0.623341276,0.635908484,0.675851948,0.614398027,0.624753629,0.67992685,0.548797815,0.518192063,0.752406091,0.647410612,0.697286665,0.645455072,0.574093077,0.592713829,0.611286792,0.657213145,0.572191344,0.616786176,0.615356644,0.663060119,0.655880981,0.576798419,0.619794577,0.561003784,0.703370836,0.635254756,0.699098869,0.640447101,0.633571626,0.614925586,0.594658266,0.629451021,0.842967593,0.588982242,0.66396699,0.648835345,0.662046016,0.717559151,0.617738018,0.671620054,0.628359376,0.668157552,0.531362564,0.699645627,0.996958234,0.640502401,0.681643469,0.662035338,0.600836681,0.606033712,0.663647651,0.649000398,0.656831238,0.702707936,0.637071246,0.632701394,0.623244573,0.642540881,0.653279262,0.709245889,0.646547487,0.624053313,0.687908087,0.609014113,0.63022527,0.696935727,0.669123474,0.601828091,0.647602214,0.529499253,0.582910277,0.701395518,0.656042612,0.662647983,0.65083178,0.691100297,0.585850522,0.738307106,0.597843285,0.634953027,0.55,0.656595777,0.609196709,0.580415729,0.597206443,0.642320446,0.642071961,0.601485169,0.625785288,0.570951214,0.647808787,0.62814326,0.637862582,0.643034175,0.619385108,0.639061378,0.589866224,0.595063541,0.586755028,0.609133469,0.618739117,0.583070814,0.615786643,0.691105694,0.650227141,0.532340399,0.535282752,0.650015774,0.63386852,0.645320955,0.637521544,0.68694153,0.638118366,0.585954343,0.603830044,0.636959612,0.588226056,0.592904435,0.650888175,0.624829737,0.660680608,0.663198952,0.722191717,0.594007576,0.674794676,0.728488939,0.689236191,0.720731517,0.751142444,0.692871331,0.718195882,0.688834785,0.670453721,0.674445007,0.701720173,0.672703894,0.666757202,0.623606566,0.642996952,0.68062555,0.688639012,0.717562972,0.66859728,0.714594559,0.690845367,0.669410695,0.696127992,0.735769708,0.703698309,0.633163711,0.658488857,0.715669917,0.786866732,0.700663153,0.688707232,0.740259078,0.748686378,0.744537779,0.683321875,0.792103111,0.718672798,0.690234581,0.684051398,0.652143436,0.641542328,0.708100132,0.712299929,0.754382839,0.728635067,0.639413722,0.71934341,0.716930438,0.690910634,0.670083843,0.677796027,0.668513875,0.692029952,0.703396829,0.726971345,0.707851894,0.72855604,0.737881273,0.696071447,0.65719516,0.659040952,0.631947067,0.62291794,0.682399031,0.685281068,0.671168677,0.696155143,0.688874184,0.645946162,0.634716929
EC.1.3.1.28,0.724416933,0.691292615,0.588444082,0.63873194,0.635301829,0.61489053,0.686707794,0.719680053,0.588432198,0.476381434,0.715113319,0.658499041,0.735108204,0.798844236,0.678703021,0.707444442,0.600534936,0.747034063,0.611226516,0.646691364,0.622682051,0.579897864,0.762704691,0.654086253,0.636821315,0.634207266,0.659972668,0.720658438,0.625875668,0.622103784,0.650091151,0.692569957,0.681396266,0.654958472,0.662714589,0.723443992,0.625217421,0.647388591,0.659758737,0.652553663,0.601076516,0.633358691,0.745455214,0.613224778,0.64968126,0.707689472,0.626733816,0.575784547,0.64216781,0.658725766,0.662308348,0.632837133,0.656067276,0.66670458,0.555703972,0.564135677,0.701470791,0.665247029,0.676068927,0.684898782,0.629406272,0.576233377,0.633212099,0.646534052,0.594900316,0.636283448,0.70132653,0.686930038,0.733698332,0.642161874,0.691835862,0.642201203,0.734057813,0.647436651,0.737026829,0.72313474,0.694218146,0.685105465,0.667207499,0.655960205,0.700132665,0.615604319,0.6852798,0.665118955,0.701808462,0.697262983,0.657070504,0.697376782,0.634735625,0.681949205,0.649380631,0.697373107,0.995364687,0.655556797,0.726033785,0.706554172,0.628875868,0.669377977,0.648047171,0.678091616,0.686062195,0.719222202,0.639145539,0.700915625,0.656946118,0.666280583,0.679304812,0.718863129,0.687126859,0.6613726,0.699144773,0.689823743,0.66160486,0.69463247,0.702432832,0.63420932,0.67423015,0.601583937,0.631325261,0.712259491,0.673088941,0.670454864,0.676494885,0.698865799,0.611030619,0.716334246,0.684106265,0.64857103,0.75,0.63185541,0.596110904,0.614056988,0.643108531,0.67531261,0.702333754,0.638370245,0.702866797,0.562425234,0.698252405,0.641986271,0.659989432,0.681566346,0.607670044,0.700568085,0.626520067,0.639833125,0.608622648,0.690864951,0.636066077,0.622509301,0.690152285,0.460771611,0.694631473,0.571363172,0.600433845,0.701961894,0.627300597,0.686982166,0.713391599,0.72034053,0.682899367,0.678337868,0.608232623,0.660122795,0.619252838,0.630632042,0.63377825,0.640477879,0.632121387,0.627738658,0.666633517,0.628513595,0.669297777,0.669008888,0.664102965,0.68514375,0.678173817,0.672957357,0.700120773,0.689185493,0.665641244,0.684792966,0.695943509,0.673942705,0.636194052,0.633385991,0.660825816,0.662602342,0.676821078,0.705359734,0.651839091,0.699685895,0.66925888,0.638178654,0.660623871,0.715195845,0.686418416,0.616503278,0.62334486,0.709628028,0.783003026,0.700697103,0.656083332,0.700479709,0.694652827,0.698992746,0.666131354,0.755770152,0.714835529,0.674248113,0.644202548,0.626932809,0.621553267,0.683810737,0.716694261,0.730190705,0.661324828,0.616009644,0.710050376,0.690185627,0.66832285,0.685377945,0.6618662,0.654122211,0.668108026,0.689447853,0.707116569,0.687867308,0.708723195,0.708391121,0.685501763,0.621850591,0.662815376,0.641078068,0.640291535,0.657468571,0.66455,0.676347232,0.66468212,0.675163052,0.629476931,0.60839942
EC.3.2.1.21,4.216501108,4.20278342,4.262196595,4.320206933,4.211186469,4.221298927,4.457274531,4.317461102,4.148786835,4.210253201,4.142464833,4.079541692,4.245923239,4.232092266,4.308196789,4.328250745,4.345032953,4.247935021,4.151759818,4.126247217,4.367898405,4.184351583,4.178319532,4.238342318,4.119738099,4.070320125,4.105502498,4.127116863,4.16662842,4.327439203,4.192795936,4.234573396,4.35689095,4.174856999,4.155660686,4.329976054,4.208780271,4.024629311,4.091639895,4.086334356,4.244622006,4.168233675,4.389795145,4.237253785,4.358315592,4.167349406,4.469513615,4.086900229,4.285106137,4.227469332,4.169047107,4.236514064,4.178395053,4.122208428,4.285130547,4.093308241,4.177873685,4.216571779,4.189145141,4.211819306,4.249747076,4.242001235,4.123593101,4.105499706,4.264855485,4.455055101,4.440549058,4.245615798,4.289693473,4.339770971,4.363931216,4.334289256,4.337419687,4.351133291,4.307645059,4.360927203,4.269488856,4.353303301,4.390359945,4.14410383,4.285372776,4.226553327,4.334650061,4.309568734,4.18019278,4.122208386,4.326904748,4.233123061,4.190301692,4.234313397,4.429555195,4.16415528,4.336520428,4.275162438,4.161879396,4.20107467,4.293590143,4.293407332,4.24065326,4.1536632,4.297658957,4.233207447,4.25925098,4.392027546,4.199123937,4.317636996,4.187588915,4.059785083,4.283687336,4.243922969,4.274971592,4.454766735,4.272250371,4.343870198,4.261398327,4.375740655,4.275398,4.459477677,4.285788198,4.251392946,4.23330019,4.298790536,4.195892696,4.308498522,4.216718306,4.170288239,4.34291526,4.146574037,4.45,4.256513781,4.197105404,4.307693158,4.254843107,4.20412611,4.320647506,4.425385306,4.349137297,4.25337627,4.255028741,4.277358638,4.288679278,4.261299891,4.142964282,4.298446685,4.305706418,4.38105706,4.298165152,4.452475691,4.263274803,4.295070562,4.364736078,4.358335351,4.201364052,4.3838732,4.421967893,4.346721217,4.244556588,4.235402837,4.32817142,4.30476983,4.279364433,4.462795639,4.196342938,4.258092527,4.251824696,4.175815331,4.054114469,4.237593585,4.117903975,4.192263616,4.301881413,4.325676607,4.242741949,4.051170799,4.111021241,4.155721727,4.10388688,4.157519082,4.025760642,4.180559996,4.160568305,4.241814525,4.122201718,4.102825992,4.204902109,4.250940083,4.118358421,4.018516708,4.16005203,3.87135658,4.062101384,3.971518285,4.223152473,4.076595283,3.98342067,3.971684109,4.046237078,4.201843031,4.122861407,3.983494837,3.539399958,4.070786827,4.27170101,4.110768673,4.193398166,3.968024732,4.027885413,4.184654271,3.936092211,4.154934088,4.043593588,4.1255652,4.190730227,4.109541767,4.052619659,3.927423193,4.187737827,4.13331642,3.972631496,4.015549855,4.06213021,4.203852943,4.166704671,4.227599498,4.13011416,4.02873524,3.980479366,4.164345728,3.879234397,4.145162603,4.097220425,4.140219319,4.103498544,4.264092178,4.194851933,4.082158523,4.129652174,4.138490448,3.935213708,4.128722181,4.158089213,4.08151718
EC.3.2.1.20,4.319560063,4.159045073,4.161844008,4.278487077,4.148181075,4.18117033,4.416746835,4.248442714,4.13366728,4.062840795,4.071730903,4.073099378,4.135786078,4.33101128,4.260383319,4.273277518,4.311531431,4.234697169,4.133800146,4.140574784,4.238666744,4.231649368,4.201716002,4.301300542,4.292233447,4.10736466,4.266864837,4.100318967,4.247943504,4.256096136,4.142596932,4.090742249,4.293584731,4.145922795,4.121425516,4.263750038,4.183955482,3.936748729,4.092380788,4.124683166,4.197995072,4.195432331,4.324715011,4.141435494,4.263036952,4.109546253,4.389641756,4.020532378,4.303378104,4.18997587,4.195072388,4.195845106,4.077408813,4.049145285,4.25813936,4.078660325,4.250001389,4.189438885,4.235826858,4.266003489,4.135015294,4.292943908,4.182206015,4.074393082,4.180748435,4.307926268,4.3583134,4.251111975,4.199011728,4.256869716,4.256435332,4.347601444,4.201449634,4.253307314,4.294269331,4.288809861,4.202738124,4.328409272,4.242778065,4.131845629,4.306036022,4.17405811,4.279512964,4.227392661,4.169107625,4.034948786,4.276724451,4.132896077,4.097453818,4.184868505,4.350322536,4.158085327,4.087244537,4.265208483,4.125100018,4.188237849,4.240957681,4.246725483,4.244808905,4.11541235,4.242456715,4.212834097,4.278174161,4.262754162,4.20325489,4.265635705,4.13748067,3.936135358,4.187269216,4.175163354,4.238230064,4.366414058,4.168490025,4.229847428,4.228681728,4.317045466,4.170020023,4.351235318,4.241827603,4.195866245,4.16589519,4.259869006,4.146519906,4.229676823,4.146717975,4.270917715,4.006696549,4.145056612,4.2,4.202416929,4.160378285,4.294063421,4.290578205,4.174306619,4.227474178,4.318375457,4.280958536,4.186015203,4.166677555,4.212450048,4.26071419,4.158219865,4.148810025,4.183573782,4.292453279,4.349560737,4.227238419,4.316280662,4.219587471,4.274985579,4.310385955,4.271885052,4.175644095,4.309271523,4.321810539,4.249199015,4.199874094,4.202359861,4.218877518,4.255422392,4.221303314,4.323578982,4.162973597,4.220947977,4.210831843,4.175358967,4.02021184,4.177996097,4.068678888,4.200580347,4.187986538,4.215367186,4.213003203,4.018773844,4.101831023,4.17593128,4.113174011,4.140080882,3.981292861,4.104371729,4.123119567,4.202349927,4.065190751,4.102444225,4.372406639,4.209362971,4.173902147,4.057475117,4.142116279,3.822894625,4.053809624,3.959855706,4.174036953,4.062318698,3.990767843,3.88978023,4.038642373,4.249617069,4.180533906,3.980898402,3.385551936,4.053677002,4.355196928,4.128739432,4.145922107,3.935179295,4.04751766,4.085571005,3.903351661,4.176351065,4.085987085,4.1536054,4.069852636,4.14242927,4.022981233,3.885627195,4.167230513,4.119777616,3.928148385,3.999682125,4.086395629,4.155228207,4.1589721,4.205724448,4.12013165,4.015532088,4.023875633,4.156086463,3.846116695,4.04986527,4.110185662,4.194218265,4.03311274,4.22732171,4.175041681,3.978283534,4.17456237,4.048570631,3.880242616,4.095625573,4.141439295,4.056176672
EC.3.2.1.91,0.38387721,0.379937725,0.352199723,0.378857625,0.363428003,0.372733248,0.428571231,0.387837197,0.311011808,0.358430619,0.366472275,0.342595776,0.374112013,0.378645487,0.39289124,0.419521278,0.442792815,0.390996601,0.318633583,0.367972623,0.446098599,0.391243662,0.423053835,0.398393549,0.396082212,0.344447755,0.365829239,0.352308823,0.359454174,0.408853227,0.380403755,0.382340512,0.410307202,0.368090103,0.369420359,0.439937788,0.337735201,0.347673395,0.33574687,0.315359155,0.351660945,0.367026077,0.440355565,0.379933412,0.396968856,0.34028604,0.43187078,0.299190632,0.425255477,0.367637685,0.345043703,0.369553996,0.331737496,0.347232191,0.439838134,0.292751254,0.312397125,0.345963073,0.33519376,0.372498247,0.355695536,0.418384017,0.344147672,0.344816363,0.381793147,0.441653152,0.503245125,0.407569205,0.395700498,0.400027842,0.410839517,0.433095796,0.432323222,0.412353709,0.440524611,0.423455813,0.394833743,0.399215575,0.404652501,0.352875237,0.370100241,0.381437285,0.450402144,0.53072651,0.388718816,0.335774302,0.405743354,0.417150569,0.349768434,0.401267483,0.427478387,0.356689287,0.41434901,0.456588313,0.397581134,0.393475258,0.391482119,0.445302514,0.382984592,0.384579028,0.362414729,0.413293282,0.415699976,0.422474778,0.382387804,0.436140178,0.407280652,0.335046874,0.417214489,0.406525563,0.389056499,0.44245386,0.409581697,0.351980083,0.379000971,0.434373639,0.407366632,0.449068286,0.440788939,0.374634245,0.400395825,0.392314345,0.353601882,0.439557234,0.384198235,0.392003179,0.482206093,0.395053339,0.55,0.414536894,0.356836363,0.447030758,0.358093626,0.379512582,0.431345366,0.441758555,0.441160768,0.363151156,0.383242585,0.401938087,0.41271956,0.39408754,0.384905602,0.399148123,0.398148487,0.438750304,0.423569243,0.439938813,0.401807062,0.393860319,0.443210358,0.632947002,0.409360914,0.429640161,0.466863871,0.442136893,0.377363325,0.390054564,0.449586611,0.514927574,0.417104219,0.456776427,0.397791198,0.434653255,0.409593768,0.406379126,0.352244987,0.459194292,0.379104142,0.40206599,0.358185563,0.465578666,0.407454249,0.380310376,0.381399398,0.385987916,0.391870807,0.384938385,0.337032021,0.377583376,0.401482288,0.408463128,0.402539897,0.401883338,0.384883217,0.413883252,0.381886014,0.347232626,0.368312449,0.343782172,0.351918414,0.350037833,0.390061461,0.349331823,0.364173322,0.341319169,0.374149138,0.424334446,0.390933082,0.345150118,0.277933011,0.362619186,0.422776586,0.394517046,0.313491765,0.342573076,0.378637558,0.342529777,0.33127006,0.378474605,0.349846334,0.36274917,0.376745121,0.37637176,0.357015004,0.352096496,0.452060806,0.368858656,0.339692297,0.351370056,0.348053611,0.400529805,0.37848133,0.416701131,0.39481637,0.372457586,0.391504423,0.431905568,0.334992951,0.348771692,0.370259069,0.378678196,0.382059451,0.409614459,0.404254213,0.348468139,0.403485021,0.374925022,0.401499085,0.395527981,0.378599121,0.382442651
EC.1.10.3.2,0,0,0,0,0,0,0,0,0,0,0,0,0,0,0,0,0,0,0,0,0,0,0,0,0,0,0,0,0,0,0,0,0,0,0,0,0,0,0,0,0,0,0,0,0,0,0,0,0,0,0,0,0,0,0,0,0,0,0,0,0,0,0,0,0,0,0,0,0,0,0,0,0,0,0,0,0,0,0,0,0,0,0,0,0,0,0,0,0,0,0,0,0,0,0,0,0,0,0,0,0,0,0,0,0,0,0,0,0,0,0,0,0,0,0,0,0,0,0,0,0,0,0,0,0,0,0,0,0,0,0,0,0,0,0,0,0,0,0,0,0,0,0,0,0,0,0,0,0,0,0,0,0,0,0,0,0,0,0,0,0,0,0,0,0,0,0,0,0,0,0,0,0,0,0,0,0,0,0,0,0,0,0,0,0,0,0,0,0,0,0,0,0,0,0,0,0,0,0,0,0,0,0,0,0,0,0,0,0,0,0,0,0,0,0,0,0,0,0,0,0,0,0,0,0,0,0,0,0,0,0,0,0,0,0,0,0,0,0,0,0,0
EC.1.11.1.7,0,0.002647496,0,0,0.003182003,0,0.004313491,0,0,0,0,0,0.004476961,0,0,0.002450999,0,0.002556224,0.004247855,0.002962979,0,0,0.003962218,0,0,0.004580419,0,0,0,0,0,0.003362524,0,0,0,0,0,0.004959547,0.003355637,0,0,0,0.003983617,0,0,0.008388096,0,0,0.004975719,0.005160051,0,0,0,0,0,0,0,0.002526459,0,0,0,0.001747249,0,0.001604742,0,0,0,0,0.002480407,0,0.00287161,0,0.003430483,0,0,0.004202698,0.003389468,0,0.005536967,0,0,0,0.004612184,0.00290962,0.002457564,0,0,0.005677504,0,0.002452306,0,0.002565049,0,0.001674298,0.003874607,0.002428805,0.002207073,0.00230657,0.00182726,0.002776685,0.002540971,0.003030536,0.003883568,0.002456068,0.002089975,0.001863085,0.003935662,0.003974243,0.003195006,0.001960597,0.00253823,0,0.001842285,0,0.002173152,0.001749057,0.00219586,0,0.002744148,0.003911814,0.002595848,0.002126499,0.003066799,0.002215134,0.002669663,0,0.007194285,0.001586331,0,0.001459915,0.002405941,0,0,0,0.003189692,0.002782644,0.002649506,0.001671618,0.001612681,0.006234367,0.004247016,0.001968296,0.001711844,0.002775242,0,0.003134051,0.001436465,0.002030339,0.002584899,0.001844754,0.002352785,0.001980383,0.001798715,0,0,0.001889095,0.002187391,0.001764721,0.002064268,0.003279986,0.002740749,0.001797321,0.0010722,0.001586102,0.001261848,0.005405041,0.00104375,0.001739337,0.001326947,0.002049659,0.001310963,0.00146462,0.002079669,0.002032743,0.001796585,0.001615297,0.001475216,0.002050226,0.002340607,0.002460083,0.002061183,0.00190666,0.002374787,0.002703572,0.002302229,0.002094771,0.002919733,0.001831519,0.00136426,0.002316834,0.002848558,0.002864933,0.003211328,0.001748237,0.001916742,0.002705185,0.002602317,0.004405756,0.001942036,0.002339138,0.002081682,0.002023909,0.001233298,0.002309249,0.002893837,0.001232202,0.001863415,0.002176663,0.003376436,0.002332632,0.002792035,0.003671353,0.001830838,0.002685933,0.00271924,0.002079371,0.001822697,0.002533578,0.002269136,0.002360339,0.002454126,0.002170598,0.002667475,0.002306133,0.002806963,0.001940089,0.002269916,0.002835626,0.0022103,0.001505874,0.002239844,0.002125085,0.001983462,0.002109022,0.002071337,0.002354517,0.002373496,0.001822322,0.001903789,0.001033173,0.001877616,0.001405489
EC.3.2.1.52,5.449548828,5.474547645,5.498557401,5.566409223,5.369872043,5.511584858,5.6995665,5.486380129,5.442501409,5.368191784,5.532529214,5.595363509,5.479767797,5.525190346,5.411335161,5.442241083,5.441167714,5.401416318,5.545405402,5.433743677,5.430709522,5.41545661,5.602283571,5.549092056,5.40714867,5.364445954,5.379434099,5.51134106,5.463646279,5.452401186,5.509120162,5.510513586,5.49180287,5.515918885,5.438298322,5.396580483,5.51642436,5.444964019,5.515544441,5.333348861,5.354540398,5.451205924,5.304409119,5.373157201,5.50978521,5.569184671,5.527907879,5.293853654,5.476727978,5.427230506,5.475551463,5.307631075,5.428266653,5.479808399,5.414447185,5.423200267,5.505485485,5.475327449,5.503557135,5.520037517,5.51841206,5.503310092,5.372996691,5.491111043,5.507340338,5.561494799,5.43572242,5.535475902,5.528786441,5.474037473,5.532244773,5.420933004,5.496640178,5.525865491,5.403239538,5.508931557,5.528568248,5.480969279,5.484298698,5.441116529,5.681063114,5.464920289,5.430849118,5.325915794,5.466097141,5.466139557,5.50625808,5.464291449,5.499155144,5.484581752,5.434608587,5.442219441,5.838838085,5.446794945,5.499325465,5.456593079,5.407474184,5.436728412,5.404097084,5.460379531,5.392992444,5.524236558,5.482630584,5.4229987,5.399444106,5.441963128,5.456439236,5.498698767,5.522893393,5.466857721,5.418365026,5.464306122,5.385355154,5.476742087,5.471271925,5.497930733,5.478087135,5.526982132,5.455502265,5.513001036,5.470204337,5.458966998,5.423966245,5.576492536,5.412660353,5.470545306,5.52446358,5.434013261,5.35,5.420982308,5.418412537,5.4842426,5.559271242,5.422735465,5.467496662,5.490696908,5.425962285,5.434084435,5.513483973,5.444704022,5.434107052,5.529976911,5.417160634,5.488507996,5.431544161,5.467266389,5.450339064,5.443483504,5.467421821,5.460367199,5.450111132,5.485535768,5.485339217,5.419422985,5.464382721,5.449485506,5.481747638,5.455683884,5.391153137,5.44220783,5.44378828,5.473735403,5.481251886,5.44996631,5.465708782,5.469953733,5.488676076,5.450468575,5.488588642,5.375872882,5.523536412,5.431266088,5.477151822,5.496660464,5.46460486,5.493636798,5.478888737,5.521438496,5.517890765,5.524414969,5.479774527,5.477566241,5.464045677,5.537384076,5.497753396,5.491694726,5.505286216,5.442289908,5.520196364,5.547653521,5.483354417,5.496237967,5.482527033,5.453399057,5.432557624,5.575355129,5.510889172,5.485429332,5.470596983,5.524519809,5.69613948,5.556564101,5.529462992,5.479684004,5.555776929,5.581073348,5.439795721,5.623927644,5.598683536,5.514166059,5.424243509,5.457628623,5.42856526,5.500476228,5.525679726,5.56451369,5.534538734,5.41674283,5.525690009,5.542128487,5.483504687,5.490976257,5.492132764,5.456357731,5.440820198,5.517685538,5.525332837,5.492908946,5.531632078,5.529723539,5.494391327,5.458167662,5.501854411,5.453981006,5.487383762,5.483277124,5.470901594,5.565603827,5.430424506,5.491393451,5.476523367,5.384477485
EC.3.5.1.4,3.980718728,3.975411773,4.035513876,4.105852821,3.838263834,4.025353316,4.323338854,4.019999968,4.052893186,3.962148256,4.041458994,4.049376364,4.10089223,3.842837175,3.886823759,4.032066864,4.208975915,3.916979227,4.101804315,3.893545284,4.326117514,3.872507449,4.03586001,3.916102836,4.086202924,4.029008182,4.001878208,4.067846631,3.940980337,3.97915681,4.032970868,4.065515889,4.258577379,4.112151031,3.89821819,4.025750009,3.975711353,4.085557582,4.04053017,3.683663024,3.787395387,4.039644761,3.96995803,3.803110408,4.176891387,4.132004224,4.16061111,3.819691589,3.99405465,4.13095016,3.933308968,3.694950935,4.010480561,3.997864842,4.174913627,3.873846659,4.203333967,4.058606988,4.026231204,4.028002212,4.011734793,4.037084175,4.045910969,3.969992775,4.086092625,4.134194362,4.163901774,4.041285157,4.143582206,4.148641712,4.185029727,4.140247387,4.03717634,4.166908334,4.065092298,4.161839272,4.184881434,4.069534574,3.988344015,3.973916144,4.014736446,4.000177224,4.021952585,3.886204817,4.074508509,3.79692826,4.197134793,4.087034303,3.986532026,4.060105225,4.123087704,4.141805553,4.15812015,3.992094958,4.029323348,4.010885923,4.040900823,4.076634149,3.724197163,4.000389721,4.089160474,4.056390999,3.909409995,4.017723874,4.039202573,3.984247156,3.997094611,4.028276856,4.055829732,3.982790744,4.03714617,4.166444016,3.983467167,4.012640419,4.087362438,4.146854691,4.029500863,4.247378991,4.015480272,4.117797554,4.043346605,3.961078101,3.996338999,4.123487941,3.996929487,4.166557112,3.935855788,4.000907284,3.35,3.88883244,3.983874738,4.009494657,4.254579557,3.901069661,4.038282789,4.110034928,4.021338342,4.039975497,4.073166387,3.941393543,3.864003794,4.084445664,3.995055152,4.056884524,4.071200091,4.121130194,4.038852283,4.105055237,4.04081409,4.03248879,4.065424412,4.215245735,4.092425531,4.087362428,4.092425757,4.037756275,4.038813579,3.967793363,4.033321085,4.06429572,4.018855205,4.100195815,3.906532172,4.028979874,3.986494221,4.088414576,4.033607254,4.011681265,3.954194031,3.700620179,4.018535701,4.175136642,3.987845653,4.006578669,3.907625626,4.047613039,4.002700694,4.017558067,4.034515909,4.032894888,4.00005731,4.084928932,4.014251027,4.089533334,3.785996817,4.109142428,4.03730619,3.941014378,4.074038101,3.973393563,3.954218229,3.89827818,3.880423756,3.939670413,3.891357789,4.034208305,4.002749581,3.910807658,3.844778445,3.98148846,4.166866342,4.020006592,3.980912434,3.98372124,3.916870026,4.017214168,3.870005395,4.143494987,4.137001158,3.947397732,3.788789748,3.826435965,3.928568575,3.983038719,4.077868349,4.055719836,3.943362046,3.931549388,4.028456206,4.013333267,3.97580215,4.118629827,3.939808316,3.842339076,3.913461519,3.997193184,3.995659674,3.966749245,4.045735959,4.019878747,4.061450863,3.983612518,4.047870296,4.034108999,4.055212392,3.983020807,3.876318755,4.085177347,3.914288704,4.022125649,3.776971414,3.877637841
EC.3.5.1.5,2.602729118,2.504852417,2.388163493,2.645466135,2.442385007,2.488887686,2.693315942,2.578500901,2.54366787,2.516299913,2.581737095,2.589815811,2.652401576,2.690234238,2.419154314,2.522023968,2.630318028,2.486709318,2.523176651,2.463083302,2.548398661,2.408197036,2.523815298,2.536102404,2.46651982,2.449809252,2.37724868,2.511394489,2.37054863,2.53715899,2.55844972,2.616278782,2.681200288,2.644234202,2.503458935,2.543197782,2.603250934,2.54833175,2.480335723,2.339071098,2.429299135,2.532799863,2.471677959,2.422465821,2.633165272,2.634814701,2.639662692,2.452985298,2.53572471,2.589625985,2.515813749,2.255753009,2.430118098,2.517182789,2.47572219,2.430795909,2.817210761,2.694513748,2.493942531,2.549526411,2.531908126,2.617999245,2.619198708,2.590006168,2.62457749,2.746901859,2.659991577,2.505011825,2.647139041,2.696469734,2.684393233,2.556066838,2.581021026,2.634870282,2.632589558,2.715669321,2.679949025,2.704481011,2.552647185,2.6172322,2.615760664,2.577060879,2.532631557,2.440102447,2.622672941,2.431527289,2.626057271,2.611299033,2.600894282,2.652943802,2.701611979,2.628437309,3.169853761,2.528167861,2.579782428,2.548745457,2.669413668,2.645685744,2.339587275,2.571286898,2.632028706,2.580279734,2.472904685,2.596398521,2.607955041,2.49976692,2.588619287,2.496233988,2.621443257,2.603788164,2.575606149,2.736614603,2.540689029,2.530688554,2.682075532,2.654900502,2.632531557,2.660240658,2.606776423,2.65193154,2.579378271,2.582748449,2.556801804,2.655666426,2.596280682,2.686299573,2.500858674,2.583344646,2.5,2.41030353,2.598999339,2.598844794,2.825644248,2.497272569,2.633220942,2.717927672,2.597283947,2.638409257,2.655813307,2.532250798,2.42836977,2.64089704,2.580440321,2.538456341,2.6717962,2.68314749,2.646640477,2.611450453,2.617519947,2.567094363,2.62831091,3.114840285,2.629795468,2.597231718,2.626611243,2.626585169,2.594330559,2.587592667,2.621992147,2.620026075,2.558891214,2.672938703,2.521612002,2.602875325,2.517940859,2.555478872,2.586615189,2.604893284,2.515835505,2.390273278,2.496244323,2.543990947,2.588731036,2.527541595,2.521146257,2.63415008,2.565992396,2.57652855,2.564506306,2.606754234,2.558328661,2.650246478,2.592537807,2.539994538,2.601452325,2.554149925,2.565690929,2.51013692,2.583138661,2.438654327,2.51751709,2.446557464,2.496789597,2.498671224,2.550048071,2.488316593,2.498614169,2.468282902,2.452693627,2.517599714,2.378134474,2.534546252,2.495601346,2.542590858,2.545072045,2.534470484,2.498821051,2.583558982,2.489236716,2.55953074,2.365142373,2.397751557,2.463478732,2.569471313,2.582088737,2.516035102,2.486632287,2.511913727,2.529450015,2.490335234,2.500387825,2.666345785,2.507205097,2.482512759,2.482363884,2.507310908,2.583603648,2.520151102,2.501663579,2.579800149,2.652151725,2.64772743,2.545128607,2.600752339,2.6043312,2.549479438,2.477240939,2.638508843,2.521121119,2.581900065,2.476953518,2.471029663
EC.3.4.11.1,5.065553257,4.942886592,4.966453823,5.111809941,4.893500367,5.062199294,5.151913387,5.016361599,5.043646593,5.088693402,5.109488693,5.075909435,5.011045855,4.817356627,4.800108116,4.976783232,5.20954684,4.915594835,5.189033805,4.934124123,5.215718836,4.869706707,5.12013419,4.981776736,5.01149794,4.93950071,5.027159619,5.003081011,5.034973097,4.968007844,5.023229023,5.06522494,5.116717172,5.050796778,4.960255444,4.91673733,5.106327391,4.95975939,5.074937127,4.653650004,4.808714922,5.110395111,4.782876659,4.815216096,5.03399771,5.048681689,5.139547478,4.78996523,5.092981888,5.074358821,5.023223747,4.609569995,4.902851736,5.003517759,5.196878855,5.0019536,5.174039968,5.114554563,5.12044307,5.044730566,4.929907743,5.061739533,5.026545342,5.021551708,5.000153746,5.085631588,4.984130876,5.06774172,5.075090591,5.184501041,5.112016855,5.26284254,5.076205482,5.080349114,4.947616325,5.077420317,5.079794091,5.035524107,5.0128996,5.03136251,4.948633362,4.955169875,4.935355271,4.829895105,5.067898275,4.878553084,5.095517316,5.033287637,5.032974627,5.092868192,5.087396984,5.111890316,5.753187095,4.960016544,5.058128584,5.000420328,5.085858398,5.109001939,4.744367581,4.987168391,5.033234665,5.103435576,4.931348377,4.980047812,5.045397718,4.948287389,5.010673187,5.023718131,5.07275344,5.08881668,4.985957838,5.07367905,5.00509579,5.080067847,5.117007528,5.197489036,5.066332497,5.247320129,5.1023573,5.065905716,5.03854764,4.972679993,4.995767082,5.058479061,5.086026089,4.752550562,5.022940055,5.051586895,4.85,4.859840734,5.069600327,5.113242425,5.234396414,4.894741486,5.033216972,5.121974898,4.941057447,5.070862075,5.046780547,4.943897435,4.893542548,5.106311235,5.01708741,4.992534546,5.086877379,5.082235272,5.049141902,5.028825409,5.09928193,5.065101673,5.022106663,5.413777469,5.080096407,5.116373723,5.161993358,4.9935256,5.093256188,4.9592166,4.967960366,5.040184482,4.98947338,5.034267024,5.011195882,5.007922394,5.034761132,5.053311535,5.070920166,5.093564869,5.001666367,4.751799922,5.032137027,5.110814927,4.982542585,4.969056597,4.936934291,5.062176134,4.985426605,5.068780576,5.085729178,5.074696391,4.986590868,5.107126825,4.99803807,5.098775801,4.763837136,5.139431105,5.143593207,4.960956396,5.078651866,4.946828559,4.97733928,4.95044696,4.901300527,4.983331502,4.923982609,5.02058029,4.961042825,5.024135365,4.886047936,5.012843034,5.033963212,5.076890225,5.010189643,4.975558649,5.067008343,5.043828542,4.917556651,5.204174536,5.06664053,5.000720198,4.769246936,4.873826005,4.956208993,4.997434753,5.063415134,4.987639653,4.919592471,4.994793261,5.063175539,5.031072564,4.99809239,5.113753299,4.980207235,4.902231591,4.906290799,5.001990701,4.966657548,4.922937085,5.020871146,5.070546457,5.056359406,4.941554335,5.010935824,5.09798386,5.087759125,4.951075841,5.008659759,5.0476614,4.893587199,5.011171826,4.85059232,4.971305458
EC.1.3.3.11,1.150013988,1.209992581,1.039198865,1.224186733,1.152741391,1.200384374,1.299485594,1.232092474,1.186560145,0.96465966,1.28319645,1.364304271,1.371348263,1.311593343,1.147663285,1.178123788,1.132529319,1.203797188,1.264641146,1.216439048,1.236407194,1.101262888,1.258370429,1.175135445,1.19456986,1.116879713,1.215696086,1.275497287,1.141766614,1.109093944,1.234213775,1.316249926,1.374517024,1.296314987,1.26097718,1.210782845,1.286466641,1.334247314,1.330071036,1.227787371,1.228683077,1.290331655,1.248864361,1.179692346,1.254184815,1.375990685,1.262893898,1.196669328,1.234169511,1.313508034,1.222866826,1.152384373,1.161276802,1.261127282,1.089537968,1.188740667,1.264108391,1.218816184,1.223940914,1.269261728,1.296797412,1.112254346,1.263978894,1.223557882,1.276107253,1.236354479,1.260301542,1.232888694,1.338002281,1.303716475,1.263531349,1.146334135,1.235320781,1.261283928,1.313466473,1.331710394,1.355555405,1.317097607,1.273183304,1.338821034,1.450940663,1.263462737,1.213118971,1.081610025,1.321110504,1.313182062,1.260152898,1.316566633,1.245720343,1.279721826,1.311780221,1.287334165,1.912900792,1.159852263,1.16135637,1.310643784,1.190035691,1.245990516,1.164417393,1.313083581,1.264655875,1.313960693,1.095809199,1.253626619,1.247018137,1.131736227,1.31101309,1.351985043,1.223942147,1.20598736,1.086097716,1.282063323,1.239404782,1.059446583,1.268384968,1.193851786,1.214322917,1.2040135,1.274858572,1.272243167,1.269819413,1.191599449,1.288727556,1.252796005,1.173862898,0.848643858,1.188203407,1.214733762,1.35,1.130397232,1.170449151,1.191677958,1.391050715,1.269326294,1.270960549,1.193863009,1.295078725,1.108689571,1.257372338,1.174158701,1.152459961,1.317861627,1.158085246,1.216955603,1.203930364,1.244825358,1.175450021,1.205541809,1.154362649,1.149469095,1.243361111,1.248475325,1.280149382,1.13466069,1.115881566,1.238886474,1.187540945,1.289930244,1.10406392,1.163005063,1.216611562,1.180126016,1.131408402,1.201496037,1.135777035,1.291527423,1.261564665,1.114703312,1.18153439,1.162410376,1.015185207,1.140006947,1.179138007,1.210185666,1.231933404,1.209649069,1.095788145,1.244844114,1.3465102,1.253364813,1.2238745,1.251456944,1.254579011,1.266182945,1.18404924,1.238893771,1.319995118,1.219730083,1.186817242,1.411031144,1.260397058,1.267755954,1.146011716,1.13035798,1.161816115,1.299174898,1.268551125,1.131483105,1.088095596,1.329331621,1.738275742,1.336136067,1.078043783,1.184250519,1.094186828,1.349652829,1.176567806,1.234688245,1.410147496,1.210071967,1.196235433,1.113211843,1.105422415,1.223216903,1.299134557,1.373653536,1.135172436,1.122519263,1.380753289,1.283416675,1.222098321,1.289731429,1.186829198,1.214237233,1.110501748,1.314276562,1.325707861,1.114726491,1.413933245,1.23275816,1.326910435,1.140384598,1.238982544,1.228651446,1.236528613,1.281907734,1.141374389,1.27891889,1.248763994,1.229221513,1.177181394,1.094945153
EC.3.1.3.1,4.084673394,4.005099151,3.896230908,4.110691396,3.918921649,3.994215968,4.171565228,4.055211506,3.909672253,3.942977841,3.842591291,3.902590008,4.012176692,4.128041575,4.06701176,4.109831272,4.172461987,4.004721591,3.888576118,3.976563438,4.098492741,4.023322033,4.062626552,3.977490288,4.05607886,4.033420441,3.910682645,3.981291817,3.970859304,4.082748549,4.019095399,3.95457937,4.08358164,4.101662359,3.988315752,4.058946773,4.046425998,3.927153194,3.967386364,3.968603105,3.966185588,3.977274207,4.081916671,3.991165111,4.154404296,4.083120108,4.19242644,3.900890957,4.066623499,3.964948105,3.976519493,3.868407515,3.847515134,3.89657472,4.011446875,3.996412891,4.094039937,4.002144436,4.037478343,4.027775309,4.028097349,4.043856283,4.011688448,3.959790647,4.069571028,4.086546477,4.203965938,4.061444625,4.052638526,4.083626879,4.155171209,4.163734207,4.056323708,4.05838908,4.142636193,4.132130569,4.106416925,4.109250099,4.111389118,4.016484382,4.068885803,4.022224058,4.183042688,4.029458524,4.082783811,3.940898912,4.074244119,4.119810535,3.985916901,4.051434139,4.048168569,3.950043291,4.669853761,4.053076519,3.978911886,4.070101416,4.055612441,4.19042647,3.911821593,4.016763105,4.02278513,4.059437091,4.094562,4.094417111,4.035149038,4.097866302,4.037499793,3.856471146,4.062913655,4.004669488,3.969792004,4.138166305,4.070095652,3.918298752,4.048498467,4.075411035,4.016685886,4.165431007,4.094001117,4.044536764,4.005930094,4.093571823,3.993525746,4.04496455,4.029152387,3.929039122,4.006097968,4.068046074,3.9,4.021443364,3.977026241,4.092236518,4.179807893,4.113362893,4.121240042,4.151371392,4.095745575,4.031914717,4.040235824,3.998352746,4.075430252,4.009044275,4.019405233,4.035529046,4.093839517,4.145331804,4.087084327,4.119222567,4.078918488,4.06893571,4.165605845,4.56410948,4.078125849,4.110534403,4.163057431,4.07108562,4.006294713,4.074568302,4.119862927,4.149946542,4.07138197,4.138189725,4.040485924,4.086785968,4.095377845,4.03885242,3.94281879,4.030542662,3.951238933,3.963907735,3.822947277,4.060194905,4.047991751,3.904883677,3.943262527,3.999208414,3.910031548,4.012626246,3.889295826,3.970471471,3.996162809,4.015700533,3.979352991,3.99404532,3.818146556,4.002630674,3.898585373,3.906748641,3.84981839,3.790540321,3.908367234,3.931136469,3.924451107,3.945148784,3.95496274,3.814237207,3.928185059,3.993502859,3.965351197,3.892700324,3.617495662,3.922273342,3.863115274,3.988746624,3.82937796,3.866941916,3.855565428,3.733968524,3.866739757,4.022954502,3.901640482,3.922025258,3.960003295,3.967728179,3.898570779,3.855575483,3.881785048,3.958169605,3.83333073,3.888728846,3.94686067,4.018274529,3.988984302,3.949152981,3.925210089,3.93675791,3.889338748,3.986925097,3.841426101,3.860665402,3.850631564,3.980529239,3.947330316,4.005169186,4.032947543,3.887500677,3.915681619,3.982483423,3.856689877,3.987263034,3.998445139,3.953045627
